도서관 목록,,,,,,,,,
번호,구분,지역,시군구,도서관명,도서관부호,도서관코드
1,공공(일반),서울,강북구,2020,,,미아문화정보도서관,111383,2060111086
2,공공(일반),서울,강북구,2020,,,강북문화정보도서관,111037,2060111005
3,공공(일반),서울,강북구,2020,,,송중문화정보도서관,111174,2060111068
4,공공(일반),서울,도봉구,2020,,,학마을도서관,111129,2060111050
5,공공(일반),서울,도봉구,2020,,,도봉도서관,111011,2050111008
6,공공(일반),서울,도봉구,2019,,,쌍문채움도서관,111496,20601110035
7,공공(일반),서울,도봉구,2001,,,도봉문화정보도서관,111041,2060111008
8,공공(일반),서울,노원구,2018,,,불암도서관,111485,20601110022
9,공공(일반),서울,노원구,1990,,,노원평생학습관,111022,2050111021
10,공공(일반),서울,노원구,2018,,없음,향기나무도서관,741562,20601110028
11,공공(일반),서울,노원구,2011,,,화랑도서관,111239,2060111071
13,공공(일반),서울,노원구,2007,,,월계문화정보도서관,111085,2060111034
14,공공(일반),서울,노원구,2018,,한내지혜의 숲 도서관,지혜의숲,141619,20601110027
15,공공(일반),서울,중랑구,1999,,,중랑정보도서관,111034,2060111001
16,공공(일반),서울,중랑구,2018,,,양원숲속도서관,111478,20601110029
17,공공(일반),서울,중랑구,2019,,,중랑상봉도서관,111488,20601110034
18,공공(일반),서울,중랑구,2005,,,중랑면목정보도서관,111060,2060111019
19,공공(일반),서울,동대문구,2006,,,동대문구정보화도서관,111065,2060111025
20,공공(일반),서울,동대문구,2019,,,배봉산 숲속도서관,111490,20601110032
21,공공(일반),서울,동대문구,2020,,없음,동대문책마당도서관,711427,20601110042
22,공공(일반),서울,동대문구,1971,,,동대문도서관,111012,2050111009
23,공공(일반),서울,동대문구,2014,,,동대문구 답십리 도서관,111445,2060111090
24,공공(일반),서울,성북구,2019,,,성북길빛도서관,111492,20601110037
25,공공(일반),서울,성북구,2017,,,월곡꿈그림도서관,111464,20601110011
26,공공(일반),서울,성북구,2019,,,장위행복누림도서관,111487,20601110038
27,공공(일반),서울,성북구,2015,,,석관동미리내도서관,111301,20601110007
28,공공(일반),서울,성북구,2015,,,정릉도서관,111380,20601110006
29,공공(일반),서울,성북구,2004,,,아리랑도서관,111048,2060111011
30,공공(일반),서울,종로구,1920,,,종로도서관,111021,2050111016
31,공공(일반),서울,종로구,1977,,,정독도서관,111020,2050111015
32,공공(일반),서울,종로구,2018,,,어린이청소년국학도서관,111486,20601110030
33,공공(일반),서울,은평구,2015,,,상림마을작은도서관,111126,20601110004
34,공공(일반),서울,은평구,2015,,,은평뉴타운도서관,111452,2060111048
35,공공(일반),서울,은평구,2019,,,은뜨락도서관,111491,20601110036
36,공공(일반),서울,은평구,2015,,,구산동도서관마을,111458,20601110001
37,공공(일반),서울,은평구,2018,,,내를건너서숲으로도서관,111482,20601110026
38,공공(일반),서울,은평구,2009,,,응암정보도서관,111124,2060111055
39,공공(일반),서울,은평구,2008,,,증산정보도서관,111110,2060111040
40,공공(일반),서울,서대문구,2011,,서대문홍은도담도서관,홍은도담도서관,111252,2060111073
41,공공(일반),서울,서대문구,1986,,,서대문도서관,111016,2050111011
42,공공(일반),서울,서대문구,2005,,,서대문이진아기념도서관,111051,2060111017
44,공공(일반),서울,마포구,2015,,,마포하늘도서관,111436,20601110002
45,공공(일반),서울,마포구,2017,,,마포중앙도서관,111467,20601110016
46,공공(일반),서울,마포구,1995,,,마포평생학습관,111014,2050111018
47,공공(일반),서울,마포구,2008,,,마포서강도서관,111086,2060111041
48,공공(일반),서울,마포구,1980,,,마포평생학습관 아현분관,111031,2050111019
49,공공(일반),서울,용산구,2017,,,용산 꿈나무도서관,111473,20601110015
50,공공(일반),서울,용산구,1981,,,용산도서관,111019,2050111014
51,공공(일반),서울,용산구,1922,,,남산도서관,111010,2050111007
52,공공(일반),서울,중구,2012,,,서울도서관,111314,2060111078
53,공공(일반),서울,중구,2011,,,어울림도서관,111220,2060111070
54,공공(일반),서울,성동구,2014,,,성동청계도서관,111442,2060111088
55,공공(일반),서울,성동구,2008,,,성동무지개도서관,111119,2060111038
56,공공(일반),서울,성동구,2007,,,성동용답도서관,111076,2060111032
57,공공(일반),서울,광진구,2008,,,중곡문화체육센터도서관,111116,2060111047
58,공공(일반),서울,광진구,2000,,,광진정보도서관,111036,2060111004
59,공공(일반),서울,광진구,2008,,,자양제4동도서관,111115,2060111039
60,공공(일반),서울,광진구,2020,,,자양한강도서관,111495,20601110040
61,공공(일반),서울,강동구,2010,,,강동암사도서관,111176,2060111066
62,공공(일반),서울,강동구,2008,,,강동해공도서관,111101,2060111046
63,공공(일반),서울,강동구,2017,,강동천호도서관,천호도서관,111470,20601110012
64,공공(일반),서울,강동구,1984,,,강동도서관,111004,2050111002
65,공공(일반),서울,송파구,2015,,,소나무언덕잠실본동작은도서관,111191,20601110005
66,공공(일반),서울,송파구,2014,,,돌마리도서관,111448,2060111093
67,공공(일반),서울,송파구,2016,,,가락몰도서관,111456,2030111008
68,공공(일반),서울,송파구,1994,,,송파도서관,111030,2050111012
69,공공(일반),서울,송파구,2013,,,송파글마루도서관,111435,2060111087
70,공공(일반),서울,송파구,2017,,,송파위례도서관,111472,20601110014
71,공공(일반),서울,강남구,1999,,청담도서관,강남청담도서관,111069,2060111015
72,공공(일반),서울,강남구,1997,,논현도서관,강남논현도서관,111070,2060111013
73,공공(일반),서울,강남구,1982,,,강남도서관,111003,2050111001
74,공공(일반),서울,강남구,2006,,행복한도서관,강남행복한도서관,111075,2060111023
75,공공(일반),서울,강남구,2004,,,강남즐거운도서관,111056,2060111022
76,공공(일반),서울,강남구,2013,,,강남도곡정보문화도서관,111347,2060111085
77,공공(일반),서울,강남구,1999,,,강남대치도서관,111039,2060111014
78,공공(일반),서울,강남구,1984,,,개포도서관,111006,2050111004
79,공공(일반),서울,강남구,2020,,없음,강남열린도서관,711265,20601110039
80,공공(일반),서울,강남구,2018,,,강남못골도서관,111479,20601110019
81,공공(일반),서울,서초구,2017,,,잠원도서관,111140,20601110010
82,공공(일반),서울,서초구,2013,,,서초반포도서관,111377,2060111081
83,공공(일반),서울,서초구,2017,,,서이도서관,111466,20601110009
84,공공(일반),서울,서초구,2018,,,서초그림책도서관,111477,20601110021
85,공공(일반),서울,서초구,2017,,,방배도서관,111236,20601110013
86,공공(일반),서울,서초구,2019,,,서초양재도서관,111493,20601110033
87,공공(일반),서울,서초구,2018,,,서초내곡도서관,111476,20601110020
88,공공(일반),서울,동작구,2018,,,약수도서관,111107,20601110018
89,공공(일반),서울,영등포구,2009,,,선유정보문화도서관,111121,2060111051
90,공공(일반),서울,영등포구,1974,,,영등포평생학습관,111018,2050111020
91,공공(일반),서울,영등포구,2008,,,문래정보문화도서관,111111,2060111037
92,공공(일반),서울,영등포구,2007,,,대림정보문화도서관,111083,2060111033
93,공공(일반),서울,강서구,2012,,,강서 등빛도서관,111309,2060111077
94,공공(일반),서울,강서구,1983,,,강서도서관,111005,2050111003
95,공공(일반),서울,강서구,2009,,강서우장산숲속도서관,우장산숲속도서관,111118,2060111058
96,공공(일반),서울,양천구,2018,,,방아다리문학도서관,711359,20601110025
97,공공(일반),서울,양천구,2018,,,미감도서관,111480,20601110024
98,공공(일반),서울,양천구,1990,,,양천도서관,111015,2050111013
99,공공(일반),서울,양천구,2018,,,해맞이역사도서관,111481,20601110023
100,공공(일반),서울,구로구,2019,,,구로기적의도서관,111489,20601110031
101,공공(일반),서울,구로구,1990,,,고척도서관,111008,2050111005
102,공공(일반),서울,구로구,2009,,,구로 온누리도서관,111128,2060111057
103,공공(일반),서울,구로구,1984,,,구로도서관,111009,2050111006
104,공공(일반),서울,구로구,2010,,,하늘도서관,111215,2060111065
106,공공(일반),서울,금천구,1999,,,금천독산도서관,111040,2060111003
107,공공(일반),서울,관악구,2006,,,성현동작은도서관,111063,2060111029
108,공공(일반),서울,관악구,2006,,,글빛정보도서관,111062,2060111028
109,공공(일반),서울,관악구,2009,,,은천동작은도서관,111160,2060111060
110,공공(일반),서울,관악구,2011,,,조원도서관,111192,2060111072
111,공공(일반),서울,중구,1964,,,한국학생도서관,111029,2030111003
112,공공(일반),서울,중구,2008,,,가온도서관,111108,2060111042
113,공공(일반),서울,종로구,2014,,,청운문학도서관,111447,2060111094
114,공공(일반),서울,종로구,2000,,,4.19 혁명기념 도서관,111001,2030111001
115,공공(일반),서울,종로구,2014,,아름꿈 도서관,아름꿈 작은도서관,111441,2060111089
116,공공(일반),서울,은평구,2001,,,은평도서관,111042,2060111007
117,공공(일반),서울,성동구,2006,,,성동금호도서관,111068,2060111024
118,공공(일반),서울,성동구,2012,,,성동성수도서관,111344,2060111080
119,공공(일반),서울,성동구,1999,,,성동도서관,111035,2060111002
120,공공(일반),서울,강동구,1996,,,명성교회도서관,111483,2030111004
121,공공(일반),서울,강동구,2009,,,강동강일도서관,111125,2060111063
122,공공(일반),서울,강동구,1984,,,고덕평생학습관,111007,2050111017
123,공공(일반),서울,강동구,2007,,,강동성내도서관,111078,2060111031
124,공공(일반),서울,강남구,2003,,논현정보도서관,강남논현정보도서관,111071,2060111020
125,공공(일반),서울,강남구,2009,,,강남 역삼 푸른솔 도서관,111127,2060111054
126,공공(일반),서울,강남구,2007,,,강남역삼도서관,111103,2060111036
127,공공(일반),서울,강남구,2004,,,정다운도서관,128014,2060111021
128,공공(일반),서울,성북구,2002,,,성북정보도서관,111044,2060111009
129,공공(일반),서울,성북구,2012,,,달빛마루도서관,111302,2060111075
130,공공(일반),서울,성북구,2014,,성북 청수도서관,청수도서관,111437,2060111091
131,공공(일반),서울,송파구,2009,,,소나무언덕2호작은도서관,111114,2060111053
132,공공(일반),서울,송파구,2015,,,지샘터 올림픽공원도서관,111459,2030111009
133,공공(일반),서울,송파구,2005,,거마도서관,송파거마도서관,111049,2060111018
134,공공(일반),서울,송파구,2009,,,소나무언덕3호 작은도서관,111173,2060111064
135,공공(일반),서울,노원구,2006,,,노원정보도서관,111058,2060111026
136,공공(일반),서울,노원구,2012,,,상계문화정보도서관,111307,2060111074
137,공공(일반),서울,용산구,2009,,,청파도서관,111120,2060111056
138,공공(일반),서울,강북구,2010,,,수유문화정보도서관,111182,2060111069
139,공공(일반),서울,강북구,2005,,,솔샘문화정보도서관,111052,2060111016
140,공공(일반),서울,강북구,2001,,,강북청소년문화정보도서관,111038,2060111006
141,공공(일반),서울,광진구,2015,,구의제3동도서관,구의3동도서관,111305,20601110003
142,공공(일반),서울,영등포구,2015,,,여의샛강마을도서관,111444,2060111095
143,공공(일반),서울,관악구,2002,,,관악중앙도서관,111045,2060111010
144,공공(일반),서울,구로구,2004,,,구로꿈나무도서관,111099,2060111012
145,공공(일반),서울,구로구,2010,,,구로개봉도서관,111216,2060111067
146,공공(일반),서울,구로구,2007,,,꿈마을 도서관,111100,2060111035
147,공공(일반),서울,구로구,1978,2019,없음,오류도서관,111023,2030111002
148,공공(일반),서울,금천구,2008,,,금천금나래도서관,111113,2060111049
149,공공(일반),서울,금천구,2007,,,금천가산도서관,111077,2060111030
150,공공(일반),서울,금천구,2013,,,금천시흥도서관,111434,2060111084
151,공공(일반),서울,동작구,1991,,,동작도서관,111013,2050111010
152,공공(일반),서울,동작구,2013,,,사당솔밭도서관,111439,2060111083
153,공공(일반),서울,동작구,2009,,,동작상도국주도서관,111130,2060111061
154,공공(일반),서울,강서구,2015,,,강서가양도서관,111453,2060111000
155,공공(일반),서울,강서구,2012,,,강서영어도서관,111373,2060111079
156,공공(일반),서울,강서구,2013,,강서 곰달래도서관,곰달래도서관,111378,2060111082
157,공공(일반),서울,강서구,2008,,,강서푸른들청소년도서관,111097,2060111044
158,공공(일반),서울,양천구,2014,,,갈산도서관,128040,2060111092
159,공공(일반),서울,양천구,2009,,,목마교육도서관,111242,2060111052
160,공공(일반),서울,양천구,2006,,,신월음악도서관,111081,2060111027
161,공공(일반),서울,양천구,2009,,,개울건강도서관,111240,2060111059
162,공공(일반),서울,양천구,2016,,,양천구 영어특성화도서관,111461,20601110008
163,공공(일반),부산,기장군,2016,,,대라다목적도서관,126151,2060121018
164,공공(일반),부산,금정구,1996,,,금정도서관,121018,2060121008
165,공공(일반),부산,금정구,1983,,,부산 서동도서관,121007,2050121008
166,공공(일반),부산,북구,2016,,,금곡도서관,126152,2060121019
167,공공(일반),부산,북구,2002,,,부산 북구디지털도서관,121023,2060121004
168,공공(일반),부산,강서구,1998,,,부산 강서도서관,121020,2060121001
169,공공(일반),부산,부산진구,1901,,,부산 시민도서관,121008,2050121001
170,공공(일반),부산,부산진구,1982,,,부산 부전도서관,121005,2050121004
171,공공(일반),부산,연제구,1987,,,부산 연산도서관,121011,2050121011
172,공공(일반),부산,연제구,2014,,,연제도서관,126143,2060121014
173,공공(일반),부산,동래구,1994,,,부산 명장도서관,121015,2050121012
174,공공(일반),부산,동래구,2016,,,부산 안락누리도서관,126153,2060121020
175,공공(일반),부산,동래구,2015,,,부산 동래읍성도서관,126146,2060121015
176,공공(일반),부산,해운대구,1978,,,부산 반송도서관,121004,2050121005
177,공공(일반),부산,해운대구,2018,,,부산 해운대인문학도서관,126154,2060121021
178,공공(일반),부산,해운대구,2010,,,부산해운대도서관,126024,2050121014
179,공공(일반),부산,수영구,2009,,,부산 수영구도서관 망미분관,121091,2060121011
180,공공(일반),부산,남구,2018,,,분포도서관,126155,2060121022
181,공공(일반),부산,동구,1998,,,부산 동구도서관,121021,2060121003
182,공공(일반),부산,사하구,1984,,,부산 사하도서관,121006,2050121010
183,공공(일반),부산,사하구,2010,,,부산 다대도서관,126023,2060121013
184,공공(일반),부산,중구,1990,,,부산중앙도서관,121012,2050121002
185,공공(일반),부산,동구,1999,,,부산중앙도서관수정분관,121010,2050121003
186,공공(일반),부산,서구,1978,,,부산 구덕도서관,121002,2050121007
187,공공(일반),부산,영도구,1996,,,부산 영도도서관,121014,2060121005
188,공공(일반),부산,남구,1997,,,부산 남구도서관,121019,2060121002
189,공공(일반),부산,해운대구,2007,,,느티나무도서관,141083,2030121002
190,공공(일반),부산,해운대구,1999,,,부산 반여도서관,121022,2060121006
191,공공(일반),부산,해운대구,1982,,,부산해운대도서관 우동분관,121013,2050121006
192,공공(일반),부산,수영구,2002,,,부산수영구도서관,121024,2060121007
193,공공(일반),부산,부산진구,2009,,,부산중앙도서관분관부산영어도서관,126014,2050121013
194,공공(일반),부산,북구,1983,,,부산 구포도서관,121003,2050121009
195,공공(일반),부산,북구,2011,,,맨발동무도서관,126031,2030121003
196,공공(일반),부산,북구,2010,,,부산 화명도서관,126025,2060121012
197,공공(일반),부산,사상구,2003,,,부산 사상도서관,121025,2060121010
198,공공(일반),부산,기장군,2003,,,부산 기장도서관,121026,2060121009
199,공공(일반),부산,기장군,2015,,부산광역시 기장디지털도서관,부산 기장도서관,121026,2060121017
200,공공(일반),부산,기장군,2015,,,정관도서관,126144,2060121016
201,공공(일반),대구,동구,2012,,,대구 동구 안심도서관,127049,2060122007
202,공공(일반),대구,동구,1971,,,대구2·28기념학생도서관,122001,2050122010
203,공공(일반),대구,동구,1995,,,대구동부도서관,122010,2050122003
205,공공(일반),대구,동구,2016,,,대구 동구 신천도서관,127087,2060122014
206,공공(일반),대구,북구,2017,,,태전도서관,127088,2060122015
207,공공(일반),대구,북구,1983,,,대구북부도서관,122003,2050122008
208,공공(일반),대구,서구,2018,,,비원도서관,127094,2060122019
209,공공(일반),대구,서구,2018,,,원고개도서관,127098,2060122020
210,공공(일반),대구,서구,1992,,,대구서부도서관,122008,2050122006
211,공공(일반),대구,서구,2017,,,비산도서관,127086,2060122016
212,공공(일반),대구,서구,2020,,,서구영어도서관,127095,2060122024
213,공공(일반),대구,중구,1963,2019,,대구중앙도서관달성분관,122005,2050122002
214,공공(일반),대구,중구,1919,,,대구중앙도서관,122004,2050122001
215,공공(일반),대구,수성구,2013,,,수성범어도서관,127072,2060122008
216,공공(일반),대구,수성구,1989,,,대구수성도서관,122007,2050122007
217,공공(일반),대구,수성구,2010,,,수성 책숲길도서관,127017,2060122004
218,공공(일반),대구,수성구,2019,,,수성 무학숲도서관,127096,2060122022
219,공공(일반),대구,수성구,2010,,,수성 용학도서관,127013,2060122005
220,공공(일반),대구,수성구,2015,,,수성고산도서관,127085,2060122011
221,공공(일반),대구,남구,2018,,,이천 어울림 도서관,127090,2060122021
222,공공(일반),대구,남구,2018,,,대명어울림도서관,127091,2060122018
223,공공(일반),대구,남구,1995,,,대구남부도서관,122009,2050122005
224,공공(일반),대구,달서구,2010,,,푸른초장공공도서관,127014,2030122003
225,공공(일반),대구,달서구,2008,,,달서성서도서관,127005,2060122002
226,공공(일반),대구,달서구,1981,,,대구두류도서관,122002,2050122009
227,공공(일반),대구,달서구,2018,,,달서가족문화도서관,127093,2060122017
228,공공(일반),대구,달서구,1989,,,새벗도서관,122012,2030122001
229,공공(일반),대구,달서구,2019,,,달서영어도서관,127099,2060122023
230,공공(일반),대구,달성군,2014,,,달성군립도서관,127081,2060122009
231,공공(일반),대구,달성군,2016,,,평택시립비전도서관,141031,2030122007
232,공공(일반),대구,중구,2016,,,2.28민주운동 기념회관,127058,2060122013
233,공공(일반),대구,동구,1972,2014,폐관,대구 동구 신천도서관,127087,2050122004
234,공공(일반),대구,동구,2005,,,한들마을도서관,127003,2030122002
235,공공(일반),대구,북구,2014,,,꿈꾸는마을도서관 도토리,127097,2030122005
236,공공(일반),대구,북구,2015,,,대현도서관,127084,2060122012
237,공공(일반),대구,북구,2010,2013,,해오름 도서관,141232,2030122004
238,공공(일반),대구,북구,2009,,,구수산도서관,127009,2060122003
241,공공(일반),대구,달서구,2006,,,달서도원도서관,127001,2060122001
242,공공(일반),대구,달서구,2011,,,달서본리도서관,127012,2060122006
243,공공(일반),대구,달서구,2003,,,대구학생문화센터,122013,2050122012
244,공공(일반),대구,수성구,2014,,,수성 파동어린이도서관,127019,2060122010
245,공공(일반),대구,달성군,1991,,,대구달성도서관,122011,2050122011
246,공공(일반),인천,계양구,2010,,,동양도서관,128023,2060123009
247,공공(일반),인천,계양구,2004,,,인천 계양도서관,123009,2050123007
248,공공(일반),인천,계양구,2009,,,서운도서관,128012,2060123008
249,공공(일반),인천,계양구,2013,,,작전도서관,128039,2060123019
250,공공(일반),인천,계양구,2008,,,효성도서관,128013,2060123005
251,공공(일반),인천,부평구,2012,,,삼산도서관,128056,2060123013
252,공공(일반),인천,부평구,1991,,,인천 북구도서관,123003,2050123001
253,공공(일반),인천,부평구,2013,,,청천도서관,128085,2060123017
254,공공(일반),인천,부평구,1982,,,인천 부평도서관,123002,2050123003
255,공공(일반),인천,부평구,2012,,,부평부개도서관,128057,2060123016
256,공공(일반),인천,남동구,1983,,,인천 중앙도서관,123006,2050123002
257,공공(일반),인천,남동구,1922,,,인천미추홀도서관,123001,2060123001
258,공공(일반),인천,남동구,2014,,,서창도서관,128050,2060123021
259,공공(일반),인천,남동구,2014,,,소래도서관,128049,2060123020
260,공공(일반),인천,연수구,2018,,,선학별빛도서관,128104,2060123029
261,공공(일반),인천,연수구,2020,,,함박비류도서관,128109,2060123032
262,공공(일반),인천,연수구,2004,,,인천 연수도서관,123010,2050123008
263,공공(일반),인천,연수구,2012,,,연수청학도서관,128058,2060123014
264,공공(일반),인천,연수구,2016,,,해돋이도서관,128099,2060123027
265,공공(일반),인천,남구,2009,,,인천 수봉도서관,128017,2060123007
266,공공(일반),인천,남구,2019,,,용비도서관,128105,2060123030
267,공공(일반),인천,남구,2007,,,인천 학나래도서관,128009,2060123004
268,공공(일반),인천,중구,2013,,,인천 중구  꿈벗도서관,128061,2060123018
269,공공(일반),인천,중구,2009,,,인천 영종도서관,128015,2060123006
270,공공(일반),인천,동구,1988,,,인천 화도진도서관,123007,2050123005
271,공공(일반),인천,동구,2011,,,송림도서관,128051,2060123012
272,공공(일반),인천,서구,2004,,,검단도서관,128001,2060823014
273,공공(일반),인천,서구,2019,,,인천마전도서관,128107,2060123031
274,공공(일반),인천,서구,2017,,,검암도서관,128102,2060123028
275,공공(일반),인천,서구,2010,,,심곡도서관,128024,2060823015
276,공공(일반),인천,서구,2015,,,청라국제도서관,128096,2060123024
277,공공(일반),인천,서구,2015,,,청라호수도서관,128097,2060123026
278,공공(일반),인천,서구,2012,,,신석도서관,128055,2060123015
279,공공(일반),인천,서구,2008,,,석남도서관,128008,2060823013
280,공공(일반),인천,서구,1991,,,인천 서구도서관,123004,2050123006
281,공공(일반),인천,강화군,2014,,,내가공공도서관,128037,2060123022
282,공공(일반),인천,강화군,1994,,,강화군립도서관,123008,2060123002
283,공공(일반),인천,중구,2011,,,인천 율목도서관,128046,2060123010
284,공공(일반),인천,중구,2015,,,영종하늘도서관,128098,2060123025
285,공공(일반),인천,남구,1990,,,인천 주안도서관,123005,2050123004
286,공공(일반),인천,부평구,2011,,,갈산도서관,128040,2060123011
287,공공(일반),인천,연수구,2015,,인천광역시 송도국제기구도서관,송도국제어린이도서관,128047,2060123023
288,공공(일반),인천,옹진군,2000,,,백령도서관,128006,2060123003
289,공공(일반),광주,북구,1981,,,광주무등도서관,124003,2060124001
290,공공(일반),광주,북구,2014,,,광주중앙도서관 분관 석봉도서관,129221,2050124006
291,공공(일반),광주,동구,1997,,,광주산수도서관,124008,2060124003
292,공공(일반),광주,동구,1991,,,광주중앙도서관,124002,2050124001
293,공공(일반),광주,서구,2000,,,글마루 작은도서관(광주서구),129110,2060124004
294,공공(일반),광주,서구,1967,,,광주학생독립운동기념회관,124005,2050124002
295,공공(일반),광주,남구,2014,,,남구푸른길도서관,129219,2060824004
296,공공(일반),광주,광산구,2006,,,첨단도서관,129002,2060124007
297,공공(일반),광주,북구,2000,,,광주북구일곡도서관,124010,2060124005
298,공공(일반),광주,북구,2012,,,광주북구운암도서관,129131,2060124011
299,공공(일반),광주,동구,2008,,,계림꿈나무도서관,129003,2060124009
300,공공(일반),광주,남구,1996,,,금호평생교육관,124007,2050124003
301,공공(일반),광주,남구,1989,,,광주사직도서관,124004,2060124002
302,공공(일반),광주,남구,2017,,,남구 청소년도서관,129224,2060124015
303,공공(일반),광주,남구,2003,,,광주남구문화정보도서관,124012,2060124008
304,공공(일반),광주,서구,2015,,,상록도서관,129222,2060124013
305,공공(일반),광주,서구,2001,,,광주학생교육문화회관,124011,2050124004
306,공공(일반),광주,광산구,2014,,,장덕도서관,129190,2060124012
307,공공(일반),광주,광산구,2001,,,신가도서관,129001,2060124006
308,공공(일반),광주,광산구,1990,,,광주송정도서관,124001,2050124005
309,공공(일반),광주,광산구,2016,,,이야기꽃도서관,129223,2060124014
310,공공(일반),대전,동구,2001,,,가양도서관,125012,2060125006
311,공공(일반),대전,동구,2004,,,대전동구성남도서관,130003,2060125003
312,공공(일반),대전,중구,2002,,,대전학생교육문화원 부설 산성도서관,125001,2050125002
313,공공(일반),대전,중구,1988,,,대전학생교육문화원,125002,2050125001
314,공공(일반),대전,서구,2000,,,가수원도서관,125010,2060125008
315,공공(일반),대전,서구,1994,,,대전서구갈마도서관,125004,2060125007
316,공공(일반),대전,유성구,2010,,,노은도서관,130012,2060125019
317,공공(일반),대전,유성구,1994,,,유성도서관,125007,2060125009
318,공공(일반),대전,유성구,2015,,,관평도서관,130023,2060125023
319,공공(일반),대전,유성구,1999,2010,,진잠도서관,130010,2060125010
320,공공(일반),대전,유성구,2010,,,진잠도서관,130010,2060125021
321,공공(일반),대전,대덕구,2002,,,신탄진도서관,125011,2060125013
322,공공(일반),대전,유성구,2003,,,구즉도서관,125013,2060125011
323,공공(일반),대전,유성구,2013,,,구암도서관,130022,2060125022
324,공공(일반),대전,유성구,2019,,,원신흥도서관,130026,2060125024
325,공공(일반),대전,대덕구,1994,,,안산도서관,125005,2060125012
326,공공(일반),대전,대덕구,2010,,,송촌도서관,130013,2060125020
327,공공(일반),대전,동구,1994,,,대전동구용운도서관,143064,2060125002
328,공공(일반),대전,동구,2009,,,홍도도서관,130009,2060125016
329,공공(일반),대전,동구,2009,,,자양도서관,130008,2060125015
331,공공(일반),대전,동구,2004,,,대전동구판암도서관,130004,2060125005
332,공공(일반),대전,동구,1996,,,대전동구가오도서관,125008,2060125004
333,공공(일반),대전,중구,1989,,,한밭도서관,125003,2060125001
334,공공(일반),대전,서구,2007,,,대전 서구 둔산도서관,130006,2060125014
335,공공(일반),대전,서구,2019,,,월평도서관,130028,2060125025
336,공공(일반),울산,동구,1992,,,울산동부도서관,148015,2050131003
337,공공(일반),울산,북구,2005,,,농소3동도서관,131003,2060131001
338,공공(일반),울산,북구,2017,,,매곡도서관,131079,2060131011
339,공공(일반),울산,북구,2006,,,농소1동도서관,131001,2060131002
340,공공(일반),울산,북구,2008,,,울산북구중앙도서관,131005,2060131004
341,공공(일반),울산,중구,2014,,,약숫골도서관,131076,2060131009
342,공공(일반),울산,중구,1984,,,울산중부도서관,148017,2050131001
343,공공(일반),울산,남구,2013,,,신복도서관,131072,2060131007
344,공공(일반),울산,남구,1989,,,울산남부도서관,148014,2050131002
345,공공(일반),울산,남구,2018,,,울산도서관,131080,2060131012
346,공공(일반),울산,울주군,2014,,,울주선바위도서관,131073,2060131008
347,공공(일반),울산,울주군,2019,,,울주천상도서관,131081,2060131013
348,공공(일반),울산,울주군,1991,,,울주도서관,148018,2050131004
349,공공(일반),울산,울주군,2007,,,울주옹기종기도서관,131004,2060131003
350,공공(일반),울산,남구,2010,,,도산도서관,131017,2060131005
351,공공(일반),울산,북구,2010,,,염포양정도서관,131019,2060131006
352,공공(일반),울산,울주군,2014,2019,없음,울주문화예술회관 도서관,131014,2060131010
353,공공(일반),세종,-,2018,,,고운동도서관,150004,2060132008
354,공공(일반),세종,-,2019,,,고운남측도서관,150009,2060132010
355,공공(일반),세종,-,2016,,,종촌동도서관,150003,2060132004
356,공공(일반),세종,-,2018,,,새롬동도서관,150008,2060132006
357,공공(일반),세종,-,2018,,,보람동도서관,150005,2060132007
358,공공(일반),세종,-,2018,,,소담동도서관,150010,2060132009
359,공공(일반),세종,-,2018,,,대평동도서관,150007,2060132005
360,공공(일반),세종,연기군,2014,,,도담동도서관,150001,2060132002
361,공공(일반),세종,연기군,2015,,,아름동도서관,150002,2060132003
362,공공(일반),세종,연기군,2014,,,한솔동도서관,144146,2060132001
363,공공(일반),세종,연기군,1991,,,세종특별자치시평생교육학습관,144011,2050144011
364,공공(일반),경기,김포시,2009,,,김포시통진도서관,141169,2060141104
365,공공(일반),경기,김포시,2012,,,김포시양곡도서관,141404,2060141132
366,공공(일반),경기,김포시,2019,,,김포시장기도서관,141593,2060141223
367,공공(일반),경기,김포시,1998,,,김포시중봉도서관,141057,2060141047
368,공공(일반),경기,김포시,1985,,,경기김포교육도서관,141006,2050141003
369,공공(일반),경기,김포시,2019,,,김포시풍무도서관,141606,2060141232
370,공공(일반),경기,김포시,2018,,,김포시고촌도서관,141591,2060141216
371,공공(일반),경기,고양시,2016,,,가좌도서관,141574,2060141196
372,공공(일반),경기,고양시,2008,,,한뫼도서관,141140,2060141087
373,공공(일반),경기,고양시,2007,,,아람누리도서관,141123,2060141059
374,공공(일반),경기,고양시,2003,,,화정도서관,141072,2060141062
375,공공(일반),경기,파주시,2018,,,파평도서관,141602,2060141221
376,공공(일반),경기,파주시,1994,,,파주시립문산도서관,141041,2060141072
377,공공(일반),경기,파주시,2012,,,금촌3동솔빛도서관,141587,2060141127
378,공공(일반),경기,파주시,2016,,,탄현도서관,141566,2060141204
379,공공(일반),경기,파주시,2012,,,물푸레도서관(파주시),141489,2060141144
380,공공(일반),경기,파주시,2008,,,교하도서관,141156,2060141096
381,공공(일반),경기,파주시,2011,,,해솔도서관,141326,2060141128
382,공공(일반),경기,파주시,2014,,,가람도서관,141544,2060141162
383,공공(일반),경기,파주시,2018,,,파주시 한울도서관,141604,2060141220
384,공공(일반),경기,파주시,2005,,,파주시중앙도서관,141082,2060141070
385,공공(일반),경기,파주시,2019,,,월롱도서관,141614,2060141229
386,공공(일반),경기,연천군,2007,,,연천군 중앙도서관,141013,2060141084
387,공공(일반),경기,포천시,2012,,,포천시립중앙도서관,141333,2060141134
388,공공(일반),경기,포천시,2010,,,포천시립소흘도서관,141172,2060141106
389,공공(일반),경기,동두천시,1996,,,동두천시립도서관,141022,2060141080
390,공공(일반),경기,동두천시,2005,,,동두천꿈나무정보도서관,141089,2060141081
391,공공(일반),경기,양주시,2016,,,양주시 광적도서관,141581,2060141201
392,공공(일반),경기,양주시,2014,,,양주시 덕계도서관,141545,2060141160
393,공공(일반),경기,양주시,2019,,,옥정호수도서관,141605,2060141236
394,공공(일반),경기,양주시,2015,,,양주희망도서관,141558,2060141180
395,공공(일반),경기,의정부시,2006,,,경기의정부교육도서관,141106,2050141010
396,공공(일반),경기,의정부시,2003,,,의정부정보도서관,141075,2060141066
397,공공(일반),경기,의정부시,2018,,,의정부 가재울도서관,141597,2060141215
398,공공(일반),경기,의정부시,2007,,,의정부과학도서관,141131,2060141065
399,공공(일반),경기,의정부시,2019,,,의정부미술도서관,141627,2060141238
400,공공(일반),경기,구리시,2010,,,구리시 토평도서관,141225,2060141111
401,공공(일반),경기,남양주시,2013,,,남양주시진접도서관,141521,2060141154
402,공공(일반),경기,남양주시,2010,,,남양주시오남도서관,141176,2060141112
403,공공(일반),경기,남양주시,2014,,,남양주시진접푸른숲도서관,141536,2060141157
404,공공(일반),경기,남양주시,2008,,,남양주시별내도서관,141137,2060141095
405,공공(일반),경기,남양주시,2016,,,남양주시 별빛도서관,141568,2060141194
406,공공(일반),경기,남양주시,2017,,,남양주시 호평도서관,141585,2060141208
407,공공(일반),경기,남양주시,2003,,,남양주시화도도서관,141071,2060141068
408,공공(일반),경기,남양주시,2010,,,남양주시평내도서관,141175,2060141110
409,공공(일반),경기,남양주시,1993,,,남양주시 정약용도서관,141035,2060141067
411,공공(일반),경기,가평군,2006,,,조종도서관,141105,2060141083
412,공공(일반),경기,가평군,2012,,,청평도서관,141286,2060141143
413,공공(일반),경기,가평군,2009,,,설악도서관,141143,2060141100
414,공공(일반),경기,여주시,2019,,,대신도서관,141600,2060141240
415,공공(일반),경기,여주시,2012,,,여주도서관,141331,2060141133
416,공공(일반),경기,여주시,1999,,,세종도서관,141054,2060141055
417,공공(일반),경기,여주시,1972,,,경기여주가남교육도서관,141012,2050141006
418,공공(일반),경기,여주시,2018,,,점동도서관,141586,2060141219
419,공공(일반),경기,광주시,1990,,,경기광주교육도서관,141005,2050141005
420,공공(일반),경기,광주시,2016,,,능평도서관,141576,2060141203
421,공공(일반),경기,광주시,2010,,,오포도서관,141236,2060141107
422,공공(일반),경기,하남시,2020,,,하남시미사도서관,141622,2060141242
423,공공(일반),경기,하남시,2009,,,하남시 나룰도서관,141171,2060141101
424,공공(일반),경기,하남시,1996,,,하남시신장도서관,141046,2060141050
425,공공(일반),경기,하남시,2016,,,하남시 덕풍도서관,141579,2060141198
426,공공(일반),경기,하남시,2018,,,하남시세미도서관,141607,2060141227
427,공공(일반),경기,성남시,2020,,,성남시복정도서관,141623,2060141237
428,공공(일반),경기,성남시,2000,,,성남시수정도서관,141060,2060141008
429,공공(일반),경기,성남시,2014,,,논골도서관,741042,2060141179
430,공공(일반),경기,성남시,2018,,,해오름도서관,141232,2060141226
431,공공(일반),경기,성남시,1983,,,경기성남교육도서관,141008,2050141007
432,공공(일반),경기,성남시,2000,,,성남시중원도서관,141053,2060141009
433,공공(일반),경기,성남시,2014,,,성남시운중도서관,141484,2060141173
434,공공(일반),경기,성남시,2010,,,성남시 판교도서관,141231,2060141123
435,공공(일반),경기,성남시,2001,,,성남시립중앙도서관,141069,2060141006
436,공공(일반),경기,성남시,2019,,,성남시 서현도서관,141601,2060141230
437,공공(일반),경기,성남시,1999,,,성남시분당도서관,141052,2060141007
438,공공(일반),경기,성남시,2014,,,성남시무지개도서관,141518,2060141172
439,공공(일반),경기,성남시,2020,,,성남시 위례도서관,141628,2060141243
440,공공(일반),경기,과천시,2012,,,문원도서관,141328,2060141131
441,공공(일반),경기,과천시,2002,,,과천시정보과학도서관,141062,2060141058
442,공공(일반),경기,과천시,1984,,,경기과천교육도서관,141004,2050141008
443,공공(일반),경기,안양시,2003,,,안양시립석수도서관,141077,2060141015
444,공공(일반),경기,안양시,2016,,,안양시립관양도서관,141571,2060141192
445,공공(일반),경기,안양시,2016,,,안양시립삼덕도서관,141573,2060141202
446,공공(일반),경기,안양시,2014,,,안양시립벌말도서관,141538,2060141158
447,공공(일반),경기,안양시,1998,,,안양시립호계도서관,141047,2060141019
448,공공(일반),경기,광명시,2020,,,광명시연서도서관,141613,2060141244
449,공공(일반),경기,광명시,1993,,,광명시하안도서관,141019,2060141035
450,공공(일반),경기,광명시,2004,,,광명시 광명도서관,141080,2060141034
451,공공(일반),경기,광명시,2009,,,충현도서관,141155,2060141213
452,공공(일반),경기,부천시,2017,,,부천시립오정도서관,141584,2060141211
453,공공(일반),경기,부천시,1999,,,부천시립북부도서관,141056,2060141012
454,공공(일반),경기,부천시,2017,,,부천시립도당도서관,141583,2060141212
455,공공(일반),경기,부천시,2018,,없음,만화도서관,341155,2030141007
456,공공(일반),경기,부천시,2008,,,해밀도서관,141144,2060141090
457,공공(일반),경기,부천시,2011,,,부천시립상동도서관,141321,2060141125
458,공공(일반),경기,부천시,2017,,,부천시립동화도서관,141315,2060141210
459,공공(일반),경기,부천시,2007,,,부천시립책마루도서관,141115,2060141014
460,공공(일반),경기,부천시,1994,,,부천시립원미도서관,141535,2060141010
461,공공(일반),경기,부천시,2019,,,부천시립역곡도서관,141603,2060141234
462,공공(일반),경기,부천시,2015,,,부천시립송내도서관,141559,2060141188
463,공공(일반),경기,부천시,2008,,,부천시립한울빛도서관,141151,2060141089
465,공공(일반),경기,시흥시,2019,,,시흥시 목감도서관,141609,2060141233
466,공공(일반),경기,시흥시,2015,,,시흥시장곡도서관,141562,2060141181
467,공공(일반),경기,시흥시,2010,,,시흥시군자도서관,141245,2060141116
468,공공(일반),경기,안산시,2017,,없음,수암도서관,141481,2060141207
469,공공(일반),경기,안산시,1997,,,안산성포도서관,141050,2060141022
470,공공(일반),경기,안산시,1993,,,안산관산도서관,141032,2060141021
471,공공(일반),경기,안산시,2016,,,안산미디어라이브러리,141567,2060141193
472,공공(일반),경기,안산시,2006,,,안산시중앙도서관,141099,2060141020
473,공공(일반),경기,안산시,2018,,,반월작은도서관,141188,2060141228
475,공공(일반),경기,안산시,1997,,,안산감골도서관,141051,2060141023
476,공공(일반),경기,군포시,1994,,,군포시 산본도서관,141034,2060141038
477,공공(일반),경기,군포시,1993,,,군포시 당동도서관,141044,2060141039
478,공공(일반),경기,군포시,2013,,,군포시 부곡도서관,141402,2060141146
479,공공(일반),경기,군포시,2003,,,군포시 대야도서관,141078,2060141040
480,공공(일반),경기,의왕시,2007,,,의왕시중앙도서관,141120,2060141051
481,공공(일반),경기,수원시,2014,,,광교홍재도서관,141551,2060141171
482,공공(일반),경기,수원시,2014,,,창룡도서관,141549,2060141168
483,공공(일반),경기,수원시,1995,,,수원시선경도서관,141025,2060141001
484,공공(일반),경기,수원시,1970,,,경기중앙교육도서관,141010,2050141001
485,공공(일반),경기,수원시,2014,,,대추골도서관,141537,2060141156
486,공공(일반),경기,수원시,2006,,,북수원도서관,141092,2060141005
487,공공(일반),경기,수원시,2014,,,호매실도서관,141552,2060141169
488,공공(일반),경기,수원시,2015,,,일월도서관,141557,2060141183
489,공공(일반),경기,수원시,2016,,,화서다산도서관,141572,2060141200
490,공공(일반),경기,수원시,1980,,,수원시중앙도서관,141024,2060141002
491,공공(일반),경기,수원시,2018,,,수원시광교푸른숲도서관,141595,2060141218
492,공공(일반),경기,수원시,2018,,,수원시매여울도서관,141596,2060141224
493,공공(일반),경기,수원시,2008,,,경기평생교육학습관,141141,2050141011
494,공공(일반),경기,수원시,2014,,,버드내도서관,141550,2060141167
495,공공(일반),경기,수원시,2006,,,서수원도서관,141093,2060141004
496,공공(일반),경기,수원시,2006,,,희망샘도서관,141107,2030141004
497,공공(일반),경기,수원시,2014,,,한림도서관,141542,2060141164
498,공공(일반),경기,수원시,2019,,,망포글빛도서관,141612,2060141239
499,공공(일반),경기,수원시,2011,,,태장마루도서관,141301,2060141126
500,공공(일반),경기,수원시,1999,,,수원시영통도서관,141061,2060141003
501,공공(일반),경기,용인시,2007,,,느티나무도서관,141083,2030141006
502,공공(일반),경기,용인시,2008,,,용인죽전도서관,141149,2060141092
503,공공(일반),경기,용인시,2007,,,용인구성도서관,141118,2060141027
504,공공(일반),경기,용인시,2015,,,상현도서관,141556,2060141187
505,공공(일반),경기,용인시,2010,,,용인기흥도서관,141239,2060141118
506,공공(일반),경기,용인시,2006,,,구갈희망누리도서관,141129,2060141028
507,공공(일반),경기,용인시,2006,,,포곡도서관,141110,2060141026
508,공공(일반),경기,용인시,2012,,,모현도서관,141389,2060141138
509,공공(일반),경기,용인시,1993,,,용인중앙도서관,141038,2060141024
510,공공(일반),경기,용인시,2018,,,남사도서관,141599,2060141217
511,공공(일반),경기,용인시,2017,,,이동꿈틀도서관,141582,2060141206
512,공공(일반),경기,용인시,2016,,,양지해밀도서관 (작은도서관),141217,2060141205
513,공공(일반),경기,이천시,1997,,,이천시립도서관,141029,2060141045
514,공공(일반),경기,이천시,2018,,,이천시립마장도서관,141594,2060141222
515,공공(일반),경기,이천시,2002,,,이천시립청미도서관,141068,2060141046
516,공공(일반),경기,안성시,2014,,,안성시립진사도서관,141547,2060141159
517,공공(일반),경기,안성시,2008,,,안성시립중앙도서관,141026,2060141091
518,공공(일반),경기,평택시,2017,,,평택시립 진위도서관,141580,2060141209
519,공공(일반),경기,평택시,2014,,,장당도서관,141513,2060141155
520,공공(일반),경기,평택시,1986,,,경기평택교육도서관,141009,2050141002
521,공공(일반),경기,평택시,2015,,,청북도서관,141569,2060141186
522,공공(일반),경기,평택시,2005,,,평택시립안중도서관,141084,2060141032
523,공공(일반),경기,평택시,2014,,,오성도서관,141514,2060141178
524,공공(일반),경기,평택시,2018,,,평택시립세교도서관,141589,2060141214
525,공공(일반),경기,평택시,2018,,,평택시립배다리도서관,141598,2060141225
526,공공(일반),경기,평택시,1992,,,평택시립 비전도서관,141031,2060141030
527,공공(일반),경기,평택시,1994,,,평택시립도서관 팽성분관,141016,2060141031
528,공공(일반),경기,오산시,2010,,,양산도서관,148012,2060141113
529,공공(일반),경기,오산시,1992,,,오산시립도서관,141014,2060141053
530,공공(일반),경기,오산시,2014,,,오산시초평도서관,141264,2060141175
531,공공(일반),경기,오산시,2008,,,오산시 중앙도서관,141158,2060141097
532,공공(일반),경기,오산시,2019,,,소리울도서관,141610,2060141235
533,공공(일반),경기,화성시,2019,,,화성시립 송린이음터도서관,141621,2060141241
534,공공(일반),경기,화성시,1994,,,화성시립남양도서관,141042,2060141042
535,공공(일반),경기,화성시,2009,,,화성시립 봉담도서관,141233,2060141105
536,공공(일반),경기,화성시,2016,,,진안도서관,141575,2060141195
537,공공(일반),경기,화성시,2019,,,화성시립동탄다원이음터도서관,141611,2060141231
538,공공(일반),경기,화성시,2016,,,동탄중앙이음터도서관,141578,2060141197
539,공공(일반),경기,화성시,2012,,,화성시립송산도서관,141403,2060141139
540,공공(일반),경기,화성시,2006,,,경기화성교육도서관,141130,2050141009
541,공공(일반),경기,고양시 일산동구,2008,,,풍동도서관,141150,2060141094
542,공공(일반),경기,고양시 일산동구,1999,,,고양시립마두도서관,141055,2060141060
543,공공(일반),경기,고양시 일산동구,2003,,,고양시립백석도서관,141073,2060141061
544,공공(일반),경기,고양시 일산동구,2012,,,식사도서관,141388,2060141136
545,공공(일반),경기,고양시 일산서구,2008,,,대화도서관,141139,2060141086
546,공공(일반),경기,고양시 일산서구,2012,,,덕이도서관,141398,2060141135
547,공공(일반),경기,고양시 덕양구,2014,,,신원도서관,141546,2060141163
548,공공(일반),경기,고양시 덕양구,2014,,,삼송도서관,141555,2060141176
549,공공(일반),경기,고양시 덕양구,2002,,,고양시립원당도서관,141059,2060141064
550,공공(일반),경기,고양시 덕양구,1994,,,고양시립행신도서관,141018,2060141063
551,공공(일반),경기,파주시,1994,,,파주시립금촌도서관,141040,2060141071
552,공공(일반),경기,파주시,2013,,,한빛도서관,141517,2060141149
553,공공(일반),경기,파주시,2010,,,파주시조리도서관,141251,2060141119
554,공공(일반),경기,파주시,1997,,,파주시립법원도서관,141049,2060141073
555,공공(일반),경기,파주시,2011,,,문산행복어린이도서관,141299,2060141129
556,공공(일반),경기,파주시,2010,,,파주적성도서관,141242,2060141121
557,공공(일반),경기,부천시 원미구,2000,,,부천예술정보도서관 다감,141090,2030141005
558,공공(일반),경기,부천시 원미구,2002,,,부천시립꿈빛도서관,141065,2060141013
559,공공(일반),경기,부천시 오정구,2010,,,부천시립꿈여울도서관,141248,2060141115
560,공공(일반),경기,부천시 소사구,1985,,,부천시립심곡도서관,141043,2060141011
561,공공(일반),경기,광명시,2016,,,광명시소하도서관,141561,2060141191
562,공공(일반),경기,광명시,2013,,,광명시철산도서관,141405,2060141145
563,공공(일반),경기,안산시 단원구,2016,,,대부도서관,141563,2060141199
564,공공(일반),경기,안산시 단원구,2014,,,원고잔도서관,141508,2060141170
565,공공(일반),경기,안산시 단원구,2015,,,선부도서관,141554,2060141184
566,공공(일반),경기,안산시 상록구,2010,,,부곡도서관,141252,2060141122
567,공공(일반),경기,안산시 상록구,2015,,,안산시 일동도서관,141327,2060141189
568,공공(일반),경기,시흥시,2010,,,시흥시능곡도서관,141260,2060141124
569,공공(일반),경기,시흥시,1996,,,시흥시대야도서관,141045,2060141037
570,공공(일반),경기,시흥시,2012,,,시흥시매화도서관,141396,2060141141
571,공공(일반),경기,시흥시,2012,,,시흥시신천도서관,141314,2060141142
572,공공(일반),경기,시흥시,2013,,,월곶도서관,141199,2060141150
573,공공(일반),경기,시흥시,2002,,,시흥시중앙도서관,141066,2060141036
574,공공(일반),경기,안양시 만안구,1992,,,안양시립만안도서관,141027,2060141016
575,공공(일반),경기,안양시 만안구,2006,,,안양시립박달도서관,141095,2060141017
576,공공(일반),경기,안양시 동안구,2010,,,안양시립비산도서관,141263,2060141117
577,공공(일반),경기,안양시 동안구,1994,,,안양시립평촌도서관,141036,2060141018
578,공공(일반),경기,군포시,2008,,,군포시 중앙도서관,141135,2060141088
579,공공(일반),경기,의왕시,1993,,,의왕시내손도서관,141039,2060141052
580,공공(일반),경기,수원시 장안구,2006,2014,2014폐관,장안구민회관 햇살도서관,141097,2030141003
581,공공(일반),경기,수원시 팔달구,2000,,,한아름도서관 (수원청소년문화센터내),141064,2030141002
582,공공(일반),경기,수원시 영통구,2006,,없음,사랑샘도서관,741645,2030141001
583,공공(일반),경기,화성시,2011,,,동탄복합문화센터도서관,141283,2060141120
584,공공(일반),경기,화성시,2005,,,화성시립병점도서관,141088,2060141044
585,공공(일반),경기,화성시,1998,,,화성시립태안도서관,141048,2060141041
586,공공(일반),경기,화성시,2004,,,화성시립삼괴도서관,141076,2060141043
587,공공(일반),경기,화성시,2013,,,화성시 정남도서관,141519,2060141147
588,공공(일반),경기,용인시 기흥구,2012,,,보라도서관,141390,2060141137
589,공공(일반),경기,용인시 기흥구,2014,,,흥덕도서관,141541,2060141161
590,공공(일반),경기,용인시 기흥구,2009,,,용인 동백도서관,141160,2060141098
591,공공(일반),경기,오산시,2014,,,오산시 꿈두레도서관,141540,2060141177
592,공공(일반),경기,오산시,    ,,,오산시립햇살마루도서관,141127,2060141054
593,공공(일반),경기,용인시 수지구,2004,,,수지도서관,141079,2060141025
594,공공(일반),경기,용인시 처인구,2007,,,용인디지털정보도서관,141148,2060141029
595,공공(일반),경기,용인시 처인구,2016,,,청덕도서관,141564,2060141190
596,공공(일반),경기,안성시,2010,,,안성시립공도도서관,141290,2060141114
597,공공(일반),경기,안성시,1996,,,안성시립보개도서관,141289,2060141049
598,공공(일반),경기,안성시,2015,,,안성시립일죽도서관,141294,2060141185
599,공공(일반),경기,성남시 분당구,2008,,,성남시구미도서관,141142,2020141001
600,공공(일반),경기,광주시,2007,,,광주시시립도서관,141114,2060141048
601,공공(일반),경기,광주시,2013,,,초월도서관,141512,2060141148
602,공공(일반),경기,광주시,2010,,,곤지암도서관,141235,2060141108
603,공공(일반),경기,이천시,2014,,,이천시립효양도서관,141539,2060141165
604,공공(일반),경기,구리시,1994,,,구리시립교문도서관,141020,2060141075
605,공공(일반),경기,구리시,2003,,,구리시립인창도서관,141070,2060141074
606,공공(일반),경기,남양주시,2012,,,남양주시퇴계원도서관,141401,2060141140
607,공공(일반),경기,남양주시,2006,,,남양주시진건도서관,141091,2060141069
608,공공(일반),경기,남양주시,2009,,,남양주시와부도서관,141146,2060141103
609,공공(일반),경기,양평군,1993,,,양평군립도서관,141011,2060141056
610,공공(일반),경기,양평군,2009,,,양평 양서친환경도서관,141261,2060141102
611,공공(일반),경기,양평군,2003,,,용문도서관,141128,2060141057
612,공공(일반),경기,양평군,2013,,,지평도서관,141317,2060141153
613,공공(일반),경기,양평군,2013,,,양동도서관,141282,2060141152
614,공공(일반),경기,양주시,2011,,,양주시 고읍도서관,141323,2060141130
615,공공(일반),경기,양주시,1994,,,양주시덕정도서관,141037,2060141079
616,공공(일반),경기,양주시,2006,,,양주시립꿈나무도서관,141098,2060141078
617,공공(일반),경기,양주시,2009,,,양주시 남면도서관,141154,2060141099
618,공공(일반),경기,연천군,2007,,,연천도서관,141117,2060141085
619,공공(일반),경기,포천시,1989,,,경기포천교육도서관,141017,2050141004
620,공공(일반),경기,포천시,2014,,,포천시립가산도서관,141553,2060141166
621,공공(일반),경기,포천시,2006,,,포천시립일동도서관,141094,2060141076
622,공공(일반),경기,포천시,2006,,,포천시립영중어린이도서관,141102,2060141077
623,공공(일반),경기,포천시,2013,,,포천시립영북도서관,141520,2060141151
624,공공(일반),강원,춘천시,1985,,,춘천교육문화관,142021,2050142001
625,공공(일반),강원,춘천시,1960,,,춘천시립도서관,142020,2060142001
626,공공(일반),강원,춘천시,1991,,,춘성교육도서관,142019,2050142006
627,공공(일반),강원,춘천시,2003,,,동내도서관,142040,2060142004
628,공공(일반),강원,춘천시,    ,2008,,담작은도서관,142050,2030142001
629,공공(일반),강원,강릉시,2009,2010,,어울림작은도서관(강릉시),142063,2060142027
630,공공(일반),강원,강릉시,2008,2010,,로하스강릉작은도서관,142062,2060142026
631,공공(일반),강원,강릉시,2008,2010,,성덕반딧불작은도서관,142061,2060142025
632,공공(일반),강원,강릉시,1992,,,명주교육도서관,142006,2050142008
633,공공(일반),강원,속초시,1986,,,속초교육도서관,142010,2050142009
635,공공(일반),강원,고성군,2008,,,토성공공도서관,142047,2060142022
636,공공(일반),강원,고성군,1991,,,고성교육도서관,142003,2050142022
637,공공(일반),강원,원주시,1985,,,원주교육문화관,142014,2050142002
638,공공(일반),강원,평창군,2004,,,평창군립대화도서관,142042,2060142016
639,공공(일반),강원,평창군,2000,,,평창군립진부도서관,142036,2060142015
640,공공(일반),강원,태백시,1996,,,태백시립도서관,142030,2060142011
641,공공(일반),강원,철원군,2007,,,관전도서관,142046,2060142020
642,공공(일반),강원,동해시,2002,,,동해시립북삼도서관,142037,2060142010
643,공공(일반),강원,철원군,1998,,,철원갈말도서관,142033,2060142019
644,공공(일반),강원,철원군,1993,,,김화도서관,142028,2060142018
645,공공(일반),강원,화천군,1990,,,화천교육도서관,142026,2050142019
646,공공(일반),강원,춘천시,2005,,,신사우도서관,142043,2060142005
647,공공(일반),강원,춘천시,2001,,,소양도서관,142041,2060142002
648,공공(일반),강원,춘천시,2017,,,춘천시립청소년도서관,142110,2060142034
649,공공(일반),강원,춘천시,2006,,,서면도서관(가칭-춘천시립도서관분관),142045,2060142006
650,공공(일반),강원,춘천시,2001,,,춘천남산도서관,142039,2060142003
651,공공(일반),강원,삼척시,1994,,,삼척도계도서관,142031,2060142012
652,공공(일반),강원,속초시,1987,,,속초교육문화관,142009,2050142004
653,공공(일반),강원,속초시,2015,,,속초시립도서관,142106,2060142032
654,공공(일반),강원,양양군,1991,,,양양교육도서관,142012,2050142010
655,공공(일반),강원,홍천군,2014,,,연봉도서관,142103,2060142028
656,공공(일반),강원,홍천군,1970,,,홍천교육도서관,142025,2050142013
657,공공(일반),강원,홍천군,2019,,,홍천 서석도서관,142116,2060142037
658,공공(일반),강원,횡성군,1989,,,횡성교육도서관,142027,2050142014
659,공공(일반),강원,횡성군,2014,,,횡성군립도서관,142104,2060142030
660,공공(일반),강원,횡성군,2015,,,둔내태성도서관,142108,2060142033
661,공공(일반),강원,인제군,1989,,,인제교육도서관,142016,2050142021
662,공공(일반),강원,인제군,2009,,,원통도서관,142049,2060142023
663,공공(일반),강원,평창군,2014,,,평창군립봉평도서관,142097,2060142029
664,공공(일반),강원,평창군,2018,,,평창군립대관령도서관,142115,2060142036
665,공공(일반),강원,평창군,1974,,,평창교육도서관,142024,2050142016
666,공공(일반),강원,강릉시,2009,,,모루도서관,142059,2060142024
667,공공(일반),강원,강릉시,1969,,,강릉시립도서관,142002,2060142008
668,공공(일반),강원,양구군,1992,,,양구교육도서관,142011,2050142020
669,공공(일반),강원,강릉시,1990,,,강릉교육문화관,142001,2050142003
670,공공(일반),강원,동해시,1998,,,동해시립발한도서관,142034,2060142009
671,공공(일반),강원,동해시,1988,,,동해교육도서관,142089,2050142011
672,공공(일반),강원,삼척시,1974,,,삼척교육문화관,142008,2050142005
673,공공(일반),강원,삼척시,1996,,,삼척원덕도서관,142032,2060142013
674,공공(일반),강원,태백시,2017,,,태백산소드림도서관,142112,2060142035
675,공공(일반),강원,태백시,1991,,,태백교육도서관,142023,2050142012
676,공공(일반),강원,정선군,1989,,,정선교육도서관,142017,2050142017
677,공공(일반),강원,정선군,1998,,,사북공공도서관,142035,2060142017
678,공공(일반),강원,영월군,2006,,,주천도서관,142044,2060142014
679,공공(일반),강원,영월군,1974,,,영월교육도서관,142013,2050142015
680,공공(일반),강원,원주시,1991,,,문막교육도서관,142007,2050142007
681,공공(일반),강원,원주시,2015,,,중천철학도서관,142107,2060142031
682,공공(일반),강원,원주시,1968,,,원주시립도서관,142015,2060142007
683,공공(일반),강원,철원군,1988,,,철원교육도서관,142018,2050142018
684,공공(일반),충북,단양군,1987,,,단양교육도서관,143002,2050143015
685,공공(일반),충북,제천시,1998,,,제천시립봉양도서관,143021,2060143006
686,공공(일반),충북,제천시,1987,,,제천학생회관,143007,2050143005
687,공공(일반),충북,충주시,2013,,,엄정꿈터도서관,143121,2060143019
688,공공(일반),충북,충주시,1954,,,충주시립도서관,143011,2060143002
689,공공(일반),충북,충주시,2019,,,충주어린이청소년도서관(분관),143130,2060143029
690,공공(일반),충북,충주시,2010,,,충청북도중원교육문화원,143012,2050143016
691,공공(일반),충북,음성군,2015,,,감곡도서관,143124,2060143024
692,공공(일반),충북,음성군,2020,,,삼성도서관(충북 음성군),143134,2060143030
693,공공(일반),충북,진천군,2012,,,진천군립광혜원도서관,143077,2060143015
694,공공(일반),충북,진천군,1988,,,진천교육도서관,143009,2050143010
695,공공(일반),충북,진천군,2017,,,생거진천혁신도시도서관,143129,2060143027
696,공공(일반),충북,증평군,2014,,,증평군립도서관,143122,2060143022
697,공공(일반),충북,괴산군,1971,,,괴산교육도서관,143001,2050143011
698,공공(일반),충북,청주시,2010,,,청주오창도서관,143063,2060143013
699,공공(일반),충북,청주시,2016,,,청주강내도서관,143128,2060143026
700,공공(일반),충북,청주시,1988,,,미원교육도서관,143010,2050143006
701,공공(일반),충북,청주시,1990,,,충청북도교육문화원,143014,2050143002
702,공공(일반),충북,청주시,2009,,,청주흥덕도서관,143028,2060143012
703,공공(일반),충북,청주시,2019,,,열린도서관(충북 청주시),143133,2030143001
704,공공(일반),충북,청주시,2019,,,청주금빛도서관,143131,2060143028
705,공공(일반),충북,보은군,1973,,,보은교육도서관,143003,2050143007
706,공공(일반),충북,옥천군,2012,,,옥천군민도서관,143078,2060143016
707,공공(일반),충북,영동군,2014,,,레인보우영동도서관,143085,2060143023
708,공공(일반),충북,영동군,1972,,,영동교육도서관,143004,2050143009
709,공공(일반),충북,청주시 상당구,2003,,,청주시립도서관,143022,2060143001
710,공공(일반),충북,청주시 상당구,2010,,,청주상당도서관,143060,2060143014
711,공공(일반),충북,청주시 흥덕구,1996,,,청주옥산도서관,143020,2060143007
712,공공(일반),충북,청주시 흥덕구,2013,,,청주시립오송도서관,143123,2060143020
713,공공(일반),충북,청주시 서원구,1979,,,충청북도교육도서관,143013,2050143001
714,공공(일반),충북,청주시 서원구,2012,,,청주서원도서관,143086,2060143018
715,공공(일반),충북,청주시 청원구,2007,,,청주청원도서관,143027,2060143011
716,공공(일반),충북,청주시 청원구,2016,,,청주오창호수도서관,143126,2060143025
717,공공(일반),충북,진천군,2014,,,진천군립도서관,143076,2060143021
718,공공(일반),충북,증평군,1995,,,증평교육도서관,143016,2050143012
719,공공(일반),충북,음성군,1988,,,음성교육도서관,143006,2050143013
720,공공(일반),충북,음성군,2006,,,음성대소도서관,143024,2060143009
721,공공(일반),충북,음성군,1994,,,금왕교육도서관,143017,2050143014
722,공공(일반),충북,옥천군,1987,,,옥천교육도서관,143005,2050143008
724,공공(일반),충북,충주시,1990,,,중원교육도서관,143008,2050143004
725,공공(일반),충북,충주시,2003,,,호암도서관,143026,2060143003
726,공공(일반),충북,제천시,1994,,,제천시립여성도서관,143018,2060143005
727,공공(일반),충북,제천시,1996,,,제천시립도서관,143015,2060143004
728,공공(일반),충북,제천시,2006,,,제천시립의병도서관,143084,2060143010
729,공공(일반),충북,단양군,2012,,,다누리도서관,143094,2060143017
730,공공(일반),충북,단양군,1996,,,매포도서관,143019,2060143008
731,공공(일반),충남,천안시,1998,,,성거도서관,144036,2060144022
732,공공(일반),충남,천안시,2010,,,천안시중앙도서관두정분관,144071,2060144029
733,공공(일반),충남,천안시,1994,,,충청남도학생교육문화원,144015,2050144018
734,공공(일반),충남,천안시,2008,,,천안시쌍용도서관도솔분관,144061,2060144028
735,공공(일반),충남,천안시,2018,,,천안아산상생협력센터도서관,144177,2060144042
736,공공(일반),충남,천안시,2002,,,천안시 쌍용도서관,144039,2060144014
737,공공(일반),충남,천안시,2018,,,천안청수도서관,144175,2060144041
738,공공(일반),충남,천안시,2005,,,충청남도교육청평생교육원,144040,2050144017
739,공공(일반),충남,금산군,2013,,,진산도서관,144168,2060144033
740,공공(일반),충남,금산군,2009,,,추부도서관,144068,2060144027
741,공공(일반),충남,공주시,1991,,,공주시웅진도서관,144014,2060144003
742,공공(일반),충남,아산시,1995,,,아산시 둔포도서관,144024,2060144016
743,공공(일반),충남,아산시,1999,,,아산시 송곡도서관,144038,2060144018
744,공공(일반),충남,아산시,2016,,,아산시 탕정온샘도서관,144172,2060144038
745,공공(일반),충남,아산시,1999,,,아산시 배방도서관,144037,2060144017
746,공공(일반),충남,아산시,2006,2017,없음,아산시립남산도서관,144044,2060144015
747,공공(일반),충남,아산시,2018,,,아산시 중앙도서관,144174,2060144039
748,공공(일반),충남,당진시,1974,,,충청남도당진교육지원청당진도서관,144005,2050144004
749,공공(일반),충남,서산시,1996,,,서산시립대산도서관,144032,2060144012
750,공공(일반),충남,서산시,1993,,,충청남도서산교육지원청해미도서관,144020,2050144008
751,공공(일반),충남,서산시,1995,,,서산시립도서관,144025,2060144011
752,공공(일반),충남,서산시,2004,,,충청남도교육청서부평생교육원,144009,2050144015
753,공공(일반),충남,태안군,2013,,,태안군립중앙도서관,144157,2060144032
754,공공(일반),충남,홍성군,1974,,,충청남도홍성교육지원청홍성도서관,144019,2050144020
755,공공(일반),충남,홍성군,2018,,,충남도서관,144173,2060144040
756,공공(일반),충남,홍성군,1997,,,광천공공도서관,144033,2060144024
757,공공(일반),충남,부여군,2014,,,홍산공공도서관,144170,2060144035
758,공공(일반),충남,예산군,1997,,,삽교공공도서관,144029,2060144020
759,공공(일반),충남,예산군,2013,,,예산군립도서관,144136,2060144031
760,공공(일반),충남,예산군,1975,,,충청남도예산교육지원청예산도서관,144012,2050144012
761,공공(일반),충남,공주시,1991,,,충청남도공주교육지원청유구도서관,144002,2050144002
762,공공(일반),충남,공주시,1985,,,충청남도공주교육지원청공주도서관,144001,2050144001
763,공공(일반),충남,서천군,1987,,,충청남도서천교육지원청서천도서관,144010,2050144009
764,공공(일반),충남,공주시,2006,,,공주기적의도서관,144043,2060144002
765,공공(일반),충남,금산군,2007,,,금산인삼고을도서관,144046,2060144004
766,공공(일반),충남,금산군,1989,,,충청남도금산교육지원청금산도서관,144003,2050144003
767,공공(일반),충남,계룡시,2009,,,엄사도서관,144066,2060144026
768,공공(일반),충남,계룡시,2006,,,계룡도서관,144042,2060144001
769,공공(일반),충남,논산시,1994,,,논산강경도서관,144022,2060144005
770,공공(일반),충남,논산시,1972,,,충청남도교육청남부평생교육원,144004,2050144016
771,공공(일반),충남,논산시,2019,,,논산열린도서관,144178,2060144043
772,공공(일반),충남,논산시,1998,,,논산연무도서관,144031,2060144006
773,공공(일반),충남,천안시 동남구,2007,,,천안시중앙도서관 아우내분관,144047,2060144023
774,공공(일반),충남,천안시 동남구,2013,,,신방도서관,144142,2060144030
775,공공(일반),충남,천안시 동남구,1990,,,천안시중앙도서관,144016,2060144021
776,공공(일반),충남,부여군,1971,,,충청남도부여교육지원청부여도서관,144008,2050144007
777,공공(일반),충남,천안시 서북구,1993,,,충청남도천안교육지원청성환도서관,144021,2050144013
778,공공(일반),충남,청양군,2014,,,정산도서관,144119,2060144036
779,공공(일반),충남,보령시,2015,,,죽정도서관,144169,2060144037
780,공공(일반),충남,보령시,1973,,,충청남도보령교육지원청보령도서관,144006,2050144005
781,공공(일반),충남,보령시,1999,,,보령주산도서관,144035,2060144010
782,공공(일반),충남,보령시,1993,,,충청남도보령교육지원청웅천도서관,144007,2050144006
783,공공(일반),충남,아산시,1990,,,충청남도아산교육지원청아산도서관,144013,2050144010
784,공공(일반),충남,서천군,1997,,,장항공공도서관,144026,2060144013
785,공공(일반),충남,당진시,2000,,,당진시립송악도서관,144034,2060144007
786,공공(일반),충남,당진시,1995,,,당진시립합덕도서관,144023,2060144008
787,공공(일반),충남,당진시,2009,,,당진시립중앙도서관,144062,2060144025
788,공공(일반),충남,청양군,1974,,,충청남도청양교육지원청청양도서관,144017,2050144014
789,공공(일반),충남,보령시,1996,,,보령시중앙도서관,144028,2060144009
790,공공(일반),충남,태안군,1992,,,충청남도태안교육지원청태안도서관,144018,2050144019
791,공공(일반),충남,태안군,1999,,,태안안면도서관,144030,2060144019
792,공공(일반),전북,군산시,1974,,,군산교육문화회관 대야분관,145009,2050145014
793,공공(일반),전북,군산시,2020,,,군산시산들도서관,145151,2060145039
794,공공(일반),전북,김제시,1992,,,김제교육문화회관 금산분관,145022,2050145007
795,공공(일반),전북,익산시,1990,,,마한교육문화회관함열분관,145013,2050145002
796,공공(일반),전북,익산시,2016,,,익산시립황등도서관,145144,2060145037
797,공공(일반),전북,익산시,2011,,,익산시립모현도서관,145095,2060145027
798,공공(일반),전북,전주시,2015,,,전주시립건지도서관,145142,2060145035
799,공공(일반),전북,전주시,1980,,,전주시립금암도서관,145018,2060145002
800,공공(일반),전북,전주시,1999,,,전라북도교육문화회관,145016,2050145016
801,공공(일반),전북,전주시,2016,,,전주시립효자도서관,145145,2060145036
802,공공(일반),전북,전주시,2001,,,전주시립삼천도서관,145035,2060145004
803,공공(일반),전북,전주시,2011,,,전주시립평화도서관,145097,2060145028
804,공공(일반),전북,완주군,2006,,,완주군립고산도서관,145038,2060145014
805,공공(일반),전북,완주군,2019,,,완주군립콩쥐팥쥐도서관,145148,2060145038
806,공공(일반),전북,무주군,2001,,,무주형설지공군립도서관,145037,2060145020
807,공공(일반),전북,장수군,1972,,,전라북도교육청장수도서관,145015,2050145011
808,공공(일반),전북,남원시,2008,,,남원시립도서관,145050,2060145022
809,공공(일반),전북,임실군,2002,,,임실군립도서관,145152,2060145018
810,공공(일반),전북,전주시 완산구,1989,,,전주시립도서관,145150,2060145001
811,공공(일반),전북,전주시 완산구,2009,,,전북도청도서관,145075,2060145025
812,공공(일반),전북,순창군,1987,,,전라북도교육청순창도서관,145008,2050145005
813,공공(일반),전북,전주시 완산구,2008,,,전주시립서신도서관,145051,2060145024
814,공공(일반),전북,정읍시,1980,,,명봉도서관,145005,2030145001
815,공공(일반),전북,전주시 덕진구,2014,,,쪽구름도서관,145139,2060145033
816,공공(일반),전북,정읍시,1998,,,정읍학생복지회관,145019,2050145015
817,공공(일반),전북,전주시 덕진구,2005,,,전주시립송천도서관,145039,2060145005
818,공공(일반),전북,전주시 덕진구,1996,,,전주시립인후도서관,145030,2060145003
819,공공(일반),전북,전주시 덕진구,2013,,,전주시립아중도서관,145131,2060145031
820,공공(일반),전북,부안군,1971,,,부안교육문화회관,145007,2050145010
821,공공(일반),전북,부안군,2000,,,부안군립도서관,145031,2060145019
822,공공(일반),전북,고창군,1987,,,전라북도교육청고창도서관,145001,2050145006
823,공공(일반),전북,고창군,2008,,,고창군립도서관,145052,2060145023
824,공공(일반),전북,완주군,1996,,,완주군립삼례도서관,145025,2060145013
825,공공(일반),전북,완주군,2012,,,완주군립중앙도서관,145118,2060145030
826,공공(일반),전북,완주군,2013,,,완주군립 둔산영어도서관,145134,2060145032
827,공공(일반),전북,완주군,1988,,,전라북도교육청완주도서관,145010,2050145009
828,공공(일반),전북,임실군,1973,,,전라북도교육청임실도서관,145014,2050145008
829,공공(일반),전북,진안군,1990,,,전라북도교육청진안도서관,145021,2050145004
830,공공(일반),전북,무주군,1988,,,전라북도교육청무주도서관,145006,2050145012
831,공공(일반),전북,익산시,1994,,,익산시립마동도서관,145024,2060145008
832,공공(일반),전북,익산시,2000,,,마한교육문화회관,145034,2050145001
833,공공(일반),전북,익산시,2012,,,익산시립부송도서관,145116,2060145029
834,공공(일반),전북,익산시,2003,,2개있음,익산시립영등도서관,145042,2060145007
835,공공(일반),전북,군산시,1995,,,군산시립도서관,145002,2060145017
836,공공(일반),전북,군산시,2013,,,군산시립설림도서관,145122,2060144034
837,공공(일반),전북,군산시,1999,,,군산교육문화회관,145036,2050145017
838,공공(일반),전북,군산시,1997,,,임피채만식도서관,145029,2060145016
839,공공(일반),전북,김제시,1995,,,김제시립도서관,145026,2060145009
840,공공(일반),전북,김제시,2010,,,김제교육문화회관,145077,2050145018
841,공공(일반),전북,김제시,1998,,,김제시립도서관만경분관,145033,2060145010
842,공공(일반),전북,김제시,2005,,,김제시립도서관금구분관,145041,2060145011
843,공공(일반),전북,정읍시,1990,,,정읍시립중앙도서관,145020,2060145006
844,공공(일반),전북,정읍시,2008,2010,,정읍기적의도서관,145047,2060145021
845,공공(일반),전북,정읍시,1996,,,정읍시립도서관신태인분관,145032,2060145015
846,공공(일반),전북,고창군,2010,,,고창군립성호도서관,145078,2060145026
847,공공(일반),전북,남원시,1990,,,남원교육문화회관 운봉분관,145011,2050145013
848,공공(일반),전북,남원시,2002,,,남원교육문화회관,145004,2050145003
849,공공(일반),전북,순창군,2014,,,순창군립도서관,145140,2060145034
850,공공(일반),전북,장수군,1995,,,장수군립공공도서관,145027,2060145012
851,공공(일반),전남,장성군,2014,,,장성군립북이도서관,146170,2060146039
852,공공(일반),전남,장성군,2014,,,장성군립삼계도서관,146169,2060146040
853,공공(일반),전남,곡성군,2001,,,옥과공공도서관,146041,2060146012
854,공공(일반),전남,화순군,2013,,,화순열린도서관,146119,2060146037
855,공공(일반),전남,나주시,1991,,,남평공공도서관,146006,2050146003
856,공공(일반),전남,함평군,2008,,없음,함평군립도서관,346012,2060146030
857,공공(일반),전남,영암군,2003,,,삼호도서관(영암군홍보교육과),146047,2060146019
858,공공(일반),전남,무안군,2000,,,무안군공공도서관,146043,2060146020
859,공공(일반),전남,완도군,1993,,,완도군립도서관,146028,2060146022
860,공공(일반),전남,완도군,1999,,,금일공공도서관,146048,2060146023
861,공공(일반),전남,진도군,2014,,,진도철마도서관,146075,2060146038
862,공공(일반),전남,순천시,2010,,,순천시립해룡농어촌도서관,146069,2060146032
863,공공(일반),전남,순천시,1968,,,순천시립그림책도서관,146014,2060146007
864,공공(일반),전남,순천시,2012,,,순천시립삼산도서관,146120,2060146036
865,공공(일반),전남,구례군,2002,,,구례군매천도서관,146040,2060146013
866,공공(일반),전남,광양시,2005,,,전라남도광양평생교육관,146042,2050146005
867,공공(일반),전남,광양시,2007,,,광양시립중마도서관,146050,2060146011
868,공공(일반),전남,보성군,1990,,,벌교공공도서관,146013,2050146010
869,공공(일반),전남,보성군,1998,,,보성농어촌공공도서관,146037,2060146016
870,공공(일반),전남,고흥군,2010,,,고흥군립중앙도서관,146077,2060146034
871,공공(일반),전남,고흥군,2006,,,고흥군립북부도서관,146051,2060146015
872,공공(일반),전남,고흥군,1998,,불확실함,고흥군립도서관,146077,2060146014
873,공공(일반),전남,여수시,2008,,,전라남도학생교육문화회관,146059,2050146021
874,공공(일반),전남,여수시,1993,,,여수시립쌍봉도서관,146026,2060146004
875,공공(일반),전남,여수시,2005,,,여수시립율촌도서관,146045,2060146006
876,공공(일반),전남,영광군,1972,,,영광공공도서관,146016,2050146017
877,공공(일반),전남,영광군,1994,,,영광군립도서관,146027,2060146021
878,공공(일반),전남,함평군,1988,,,함평공공도서관,146021,2050146016
879,공공(일반),전남,장성군,1970,,,장성공공도서관,146018,2050146018
880,공공(일반),전남,장성군,2005,,,장성군립중앙도서관,146044,2060146028
881,공공(일반),전남,담양군,1990,,,담양공공도서관,146008,2050146006
882,공공(일반),전남,곡성군,1986,,,곡성교육문화회관,146003,2050146007
883,공공(일반),전남,구례군,1973,,,구례공공도서관,146005,2050146008
884,공공(일반),전남,광양시,1992,,,광양시립중앙도서관,146024,2060146010
885,공공(일반),전남,광양시,2018,,,광양용강도서관,146049,2060146044
886,공공(일반),전남,광양시,1992,,,광양공공도서관,146025,2050146004
887,공공(일반),전남,순천시,2010,,,순천시립조례호수도서관,146068,2060146031
888,공공(일반),전남,순천시,1998,,,순천시립도서관연향분관,146034,2060146008
889,공공(일반),전남,순천시,2019,,,순천만생태문화교육원,146180,2050146022
890,공공(일반),전남,순천시,2017,,,순천시립신대도서관,146175,2060146042
891,공공(일반),전남,순천시,2018,,,관옥나무도서관,146176,2030146001
892,공공(일반),전남,화순군,1973,,,화순공공도서관,146023,2050146011
893,공공(일반),전남,나주시,2015,,,빛가람시립도서관,146171,2060146041
894,공공(일반),전남,나주시,1973,,,나주공공도서관,146007,2050146002
895,공공(일반),전남,나주시,1997,,,나주시립도서관,146030,2060146009
896,공공(일반),전남,영암군,1987,,,영암공공도서관,146017,2050146014
898,공공(일반),전남,무안군,1990,,,무안공공도서관,146011,2050146015
899,공공(일반),전남,무안군,2012,,,전라남도립도서관,146126,2060146035
900,공공(일반),전남,목포시,1982,,,목포공공도서관,146010,2050146001
901,공공(일반),전남,목포시,2017,,,목포영어도서관,146173,2060146043
902,공공(일반),전남,목포시,1974,,,목포시립도서관,146009,2060146001
903,공공(일반),전남,신안군,1996,,,신안군립도서관,146032,2060146025
904,공공(일반),전남,신안군,2003,,,흑산자산문화도서관,146153,2060146026
905,공공(일반),전남,진도군,1972,,,진도공공도서관,146020,2050146019
906,공공(일반),전남,해남군,2002,,,해남군립도서관,146039,2060146027
907,공공(일반),전남,해남군,1984,,,해남공공도서관,146022,2050146013
908,공공(일반),전남,완도군,1996,,,완도노화도서관,146031,2060146024
909,공공(일반),전남,강진군,1965,,,강진군립도서관,146001,2060146017
910,공공(일반),전남,장흥군,1991,,,장흥공공도서관,146019,2050146012
911,공공(일반),전남,장흥군,2010,,,정남진도서관,146072,2060146033
912,공공(일반),전남,보성군,1985,,,보성공공도서관,146012,2050146009
913,공공(일반),전남,고흥군,1997,,,전라남도고흥평생교육관,146002,2050146020
914,공공(일반),전남,여수시,1998,,,여수시립소라도서관,146038,2060146005
915,공공(일반),전남,여수시,2020,,,여수이순신도서관,146179,2060146045
916,공공(일반),전남,여수시,2007,,,여수시립환경도서관,146052,2060146029
917,공공(일반),전남,여수시,1985,,,여수시립현암도서관,146015,2060146002
918,공공(일반),전남,여수시,1997,,,여수시립돌산도서관,146036,2060146003
919,공공(일반),경북,영주시,1988,,,경상북도교육청 영주선비도서관풍기분관,147024,2050147011
920,공공(일반),경북,영주시,1983,,,경상북도교육청 영주선비도서관,147032,2050147005
921,공공(일반),경북,봉화군,1976,,,경상북도교육청 봉화도서관,147007,2050147025
922,공공(일반),경북,울진군,1994,,,울진군죽변면도서관,147057,2060147024
923,공공(일반),경북,울진군,1974,,,경상북도교육청 울진도서관,147018,2050147026
924,공공(일반),경북,울진군,2010,,,울진남부도서관,147107,2060147030
925,공공(일반),경북,영덕군,1973,,,경상북도교육청 영덕도서관,147031,2050147019
926,공공(일반),경북,안동시,1992,,,경상북도교육청 안동도서관풍산분관,147039,2050147010
927,공공(일반),경북,안동시,1965,,,안동시립도서관,147030,2060147010
928,공공(일반),경북,예천군,1990,,,경상북도교육청 예천도서관,147015,2050147024
929,공공(일반),경북,예천군,2019,,,경북도서관,147168,2060147038
930,공공(일반),경북,문경시,1998,,,문경시립문희도서관,147047,2060147018
931,공공(일반),경북,문경시,2009,,,문경시립모전도서관,147080,2060147028
932,공공(일반),경북,문경시,1991,,,경상북도교육청 점촌도서관가은분관,147006,2050147014
933,공공(일반),경북,상주시,1987,,,경상북도교육청 상주도서관,147008,2050147003
934,공공(일반),경북,의성군,1973,,,경상북도교육청 의성도서관,147019,2050147016
935,공공(일반),경북,청송군,2009,,,청송군립진보공공도서관,147068,2060147027
936,공공(일반),경북,포항시,1990,,,경상북도교육청 영일도서관,147013,2050147004
937,공공(일반),경북,포항시,2010,,,경상북도교육청문화원,147105,2050147029
938,공공(일반),경북,포항시,2007,,,포항시립대잠도서관,147061,2060147025
939,공공(일반),경북,포항시,2007,,,포항시립포은중앙도서관,147059,2060147001
940,공공(일반),경북,경주시,2011,,,경주시립송화도서관,147120,2060147032
941,공공(일반),경북,경주시,1989,,,경주시립도서관,147025,2060147004
942,공공(일반),경북,경주시,1996,,,감포도서관,147042,2060147006
943,공공(일반),경북,청도군,1984,,,경상북도교육청 청도도서관,147021,2050147020
944,공공(일반),경북,경산시,2007,,,경산시립도서관,147001,2060147019
945,공공(일반),경북,경산시,1998,,,경상북도교육청정보센터,147046,2050147028
946,공공(일반),경북,경산시,2017,,,경산시립장산도서관,147165,2060147036
947,공공(일반),경북,영천시,1992,,,경상북도교육청 금호도서관,147014,2050147012
948,공공(일반),경북,군위군,1975,,,경상북도교육청 삼국유사군위도서관,147004,2050147015
949,공공(일반),경북,구미시,1986,,,경상북도교육청 구미도서관,147003,2050147001
950,공공(일반),경북,구미시,2011,,,구미시립상모정수도서관,147119,2060147031
951,공공(일반),경북,칠곡군,2013,,,북삼도서관,147127,2060147034
952,공공(일반),경북,칠곡군,2012,,,석적도서관,147134,2060147033
953,공공(일반),경북,성주군,1973,,,경상북도교육청 성주도서관,147009,2050147023
954,공공(일반),경북,성주군,1987,,,성주군청사도서관,147035,2060147023
955,공공(일반),경북,고령군,2018,,,고령군다산도서관,147167,2060147037
956,공공(일반),경북,고령군,1990,,,경상북도교육청 고령도서관,147002,2050147021
957,공공(일반),경북,울릉군,1974,,,경상북도교육청 울릉도서관,147017,2050147027
958,공공(일반),경북,경산시,1968,2018,,경산시립도서관,147001,2060147020
959,공공(일반),경북,군위군,1995,2009,,군위군립도서관,147043,2060147021
960,공공(일반),경북,칠곡군,2010,,,칠곡군립도서관,147075,2060147029
961,공공(일반),경북,칠곡군,1985,,,경상북도교육청 칠곡도서관,147023,2050147022
962,공공(일반),경북,구미시,2000,,,구미시립인동도서관,147051,2060147012
963,공공(일반),경북,구미시,2007,,,구미시립선산도서관,147029,2060147013
964,공공(일반),경북,구미시,2007,,,구미시립봉곡도서관,147062,2060147014
965,공공(일반),경북,구미시,1994,,,구미시립중앙도서관,147038,2060147011
966,공공(일반),경북,김천시,1971,2009,없음,경상북도립금릉공공도서관,147005,2050147009
967,공공(일반),경북,김천시,1963,,,김천시립도서관,147027,2060147009
968,공공(일반),경북,상주시,1992,,,경상북도교육청 상주도서관화령분관,147040,2050147013
969,공공(일반),경북,문경시,1997,,,문경시립중앙도서관,147045,2060147017
970,공공(일반),경북,문경시,1990,,,경상북도교육청 점촌도서관,147020,2050147006
971,공공(일반),경북,영주시,2004,,,영주시립도서관,147054,2060147015
972,공공(일반),경북,안동시,1991,,,경상북도교육청 안동도서관,147010,2050147002
973,공공(일반),경북,안동시,1977,,,경상북도교육청 안동도서관용상분관,147011,2050147007
974,공공(일반),경북,청송군,1990,,,경상북도교육청 청송도서관,147022,2050147017
975,공공(일반),경북,영양군,1973,,,경상북도교육청 영양도서관,147012,2050147018
976,공공(일반),경북,의성군,2001,,,의성군립도서관,147053,2060147022
977,공공(일반),경북,영천시,1985,,,영천시립도서관,147034,2060147016
978,공공(일반),경북,경주시,1953,,,경주시립중앙도서관,147026,2060147005
979,공공(일반),경북,경주시,1999,,,칠평도서관,147052,2060147008
980,공공(일반),경북,경주시,1988,,,경상북도교육청 외동도서관,147016,2050147008
981,공공(일반),경북,경주시,1996,,,단석도서관,147044,2060147007
982,공공(일반),경북,포항시 남구,2014,,,포항시립어린이영어도서관,147157,2060147035
983,공공(일반),경북,포항시 남구,1987,,,포항시립영암도서관,147037,2060147002
984,공공(일반),경북,포항시 남구,2009,,,동해석곡도서관,147073,2060147026
985,공공(일반),경북,포항시 남구,1999,,,포항시립오천도서관,147036,2060147003
986,공공(일반),경북,포항시 북구,2003,,,포항중앙도서관,147055,2030147001
987,공공(일반),경남,함양군,1963,,,경상남도교육청 함양도서관,148029,2050148022
988,공공(일반),경남,거창군,2006,,,거창군립한마음도서관,148046,2060148019
989,공공(일반),경남,거창군,1984,,,거창도서관,148002,2050148023
990,공공(일반),경남,합천군,1972,,,합천도서관,148030,2050148024
991,공공(일반),경남,창녕군,1972,,,창녕도서관,148024,2050148015
992,공공(일반),경남,창녕군,1993,,,경상남도교육청 남지도서관,148032,2050148016
993,공공(일반),경남,밀양시,1982,,,밀양시립도서관,148008,2060148006
994,공공(일반),경남,밀양시,2014,,,밀양시립영어도서관,148300,2060148032
995,공공(일반),경남,밀양시,1994,,,경상남도교육청 하남도서관,148036,2050148010
996,공공(일반),경남,밀양시,1973,,,밀양도서관,148007,2050148009
997,공공(일반),경남,양산시,1999,,,웅상도서관,148041,2060148017
998,공공(일반),경남,양산시,2011,,,양산시립도서관,148122,2060148027
999,공공(일반),경남,양산시,1992,,,양산도서관,148012,2050148017
1000,공공(일반),경남,김해시,1990,,,경상남도교육청 진영도서관,148021,2050148008
1001,공공(일반),경남,김해시,2009,,,진영한빛도서관,148084,2060148022
1002,공공(일반),경남,김해시,2019,,,경상남도교육청김해지혜의바다도서관,148312,2050148026
1003,공공(일반),경남,김해시,2008,,,화정글샘도서관,148054,2060148020
1004,공공(일반),경남,김해시,1985,,,김해도서관,148004,2050148007
1005,공공(일반),경남,김해시,2002,,,김해시립장유도서관,148042,2060148016
1006,공공(일반),경남,김해시,2018,,,김해율하도서관,148309,2060148039
1007,공공(일반),경남,창원시,2018,,,경남대표도서관,148308,2060148038
1008,공공(일반),경남,창원시,2012,,,명곡도서관,148237,2060148028
1009,공공(일반),경남,창원시,2018,,,경상남도교육청마산지혜의바다도서관,148310,2050148025
1010,공공(일반),경남,창원시,1954,,,마산도서관,148006,2050148002
1011,공공(일반),경남,창원시,2002,,,고향의봄도서관,148052,2060148002
1012,공공(일반),경남,창원시,1993,,,의창도서관,148035,2060148001
1013,공공(일반),경남,창원시,2010,,,성산도서관,148120,2060148024
1014,공공(일반),경남,창원시,1983,,,창원도서관,148025,2050148001
1015,공공(일반),경남,창원시,2006,,,동부도서관,148050,2060148008
1016,공공(일반),경남,창원시,1975,,,진해도서관,148023,2060148007
1017,공공(일반),경남,창원시,1993,,,진동도서관,148034,2050148003
1018,공공(일반),경남,함안군,2015,,,함안군립칠원도서관,148182,2060148036
1019,공공(일반),경남,함안군,1990,,,함안도서관,148028,2050148014
1020,공공(일반),경남,의령군,1974,,,의령도서관,148019,2050148013
1021,공공(일반),경남,산청군,1984,,,산청도서관,148010,2050148021
1022,공공(일반),경남,하동군,1985,,,하동도서관,148027,2050148020
1023,공공(일반),경남,남해군,1972,,,남해도서관,148005,2050148019
1024,공공(일반),경남,사천시,1991,,,사천도서관,148009,2050148006
1025,공공(일반),경남,사천시,1990,,,삼천포도서관,148011,2050148005
1026,공공(일반),경남,진주시,1998,,,진주시립서부도서관,148040,2060148005
1027,공공(일반),경남,진주시,1985,,,진주시립연암도서관,148022,2060148004
1028,공공(일반),경남,진주시,1992,,,진양도서관,148020,2050148011
1029,공공(일반),경남,고성군,1990,,,경상남도교육청 고성도서관,148003,2050148018
1030,공공(일반),경남,통영시,2010,,,통영시립도서관,148100,2060148026
1031,공공(일반),경남,통영시,1963,,,통영도서관,148026,2050148004
1032,공공(일반),경남,거제시,2017,,,거제시립하청도서관,148307,2060148037
1033,공공(일반),경남,거제시,1976,,,거제도서관,148001,2050148012
1034,공공(일반),경남,거제시,1994,,,거제시립장승포도서관,148033,2060148009
1035,공공(일반),경남,김해시,1999,,,김해칠암도서관,148039,2060148015
1036,공공(일반),경남,양산시,2014,,,양산영어도서관,148301,2060148034
1037,공공(일반),경남,창원시 마산회원구,1995,,,마산회원도서관,148013,2060148010
1038,공공(일반),경남,창원시 마산회원구,1997,,,마산회원도서관내서분관,148037,2060148011
1039,공공(일반),경남,창원시 마산회원구,2014,,,마산시립도서관중리초등학교복합시설도서관,148073,2060148033
1040,공공(일반),경남,창원시 마산합포구,2002,,,마산합포도서관,148043,2060148012
1041,공공(일반),경남,창녕군,2014,,,창녕군 영산도서관,148268,2060148031
1042,공공(일반),경남,고성군,2003,,,고성동부도서관,148053,2060148018
1043,공공(일반),경남,창원시 성산구,2002,,,상남도서관,148051,2060148003
1044,공공(일반),경남,통영시,2013,,,통영시립충무도서관,148238,2060148030
1045,공공(일반),경남,통영시,2001,,,통영시립욕지도서관,148044,2060148014
1046,공공(일반),경남,통영시,1997,,,통영시립산양도서관,148038,2060148013
1047,공공(일반),경남,거제시,2015,,,거제시립수양도서관,148302,2060148035
1048,공공(일반),경남,거제시,2010,,,거제시립옥포도서관,148089,2060148025
1049,공공(일반),경남,거제시,2012,,,거제시립장평도서관,148184,2060148029
1050,공공(일반),경남,남해군,2009,,,남해화전도서관,148055,2060148021
1051,공공(일반),제주,제주시,2002,,,한경도서관,149016,2060149009
1052,공공(일반),제주,제주시,1997,,,애월도서관,149011,2060149007
1053,공공(일반),제주,제주시,1989,,,탐라도서관,149005,2060149002
1054,공공(일반),제주,제주시,2008,,,한라도서관,149023,2060149013
1055,공공(일반),제주,제주시,1957,,,제주도서관,149004,2050149001
1056,공공(일반),제주,제주시,1999,,,조천읍도서관,149014,2060149008
1057,공공(일반),제주,제주시,1995,,,동녘도서관,149009,2050149004
1058,공공(일반),제주,서귀포시,2006,,,서귀포시서부도서관,149017,2060149006
1059,공공(일반),제주,서귀포시,1964,,,서귀포도서관,149001,2050149006
1060,공공(일반),제주,서귀포시,2000,,,서귀포시동부도서관,149013,2060149005
1061,공공(일반),제주,서귀포시,1998,,,성산일출도서관,149012,2060149010
1062,공공(일반),제주,제주시,1984,,,제주시우당도서관,149006,2060149001
1063,공공(일반),제주,제주시,1990,,,한수풀도서관,149007,2050149003
1064,공공(일반),제주,서귀포시,2003,2009,,이어도책사랑도서관,149020,2030149001
1065,공공(일반),제주,서귀포시,1994,,,서귀포시중앙도서관,149008,2060149003
1066,공공(일반),제주,서귀포시,1986,,,서귀포시삼매봉도서관,149002,2060149004
1067,공공(일반),제주,서귀포시,2002,,,표선도서관,149018,2060149012
1068,공공(일반),제주,서귀포시,2001,,,안덕산방도서관,149015,2060149011
1069,공공(일반),제주,서귀포시,1990,,,송악도서관,149003,2050149002
1070,공공(일반),제주,서귀포시,1996,,,제남도서관,149010,2050149005
1071,공공(어린이),서울,강북구,2017,,,삼각산어린이도서관,111465,2060811022
1072,공공(어린이),서울,도봉구,2015,,,도봉기적의도서관,111457,2060811017
1073,공공(어린이),서울,도봉구,2008,,,도봉아이나라도서관,111189,2060111045
1074,공공(어린이),서울,노원구,2003,,,노원어린이도서관,111047,2060811001
1075,공공(어린이),서울,노원구,2018,,,월계어린이도서관,111484,2060811025
1076,공공(어린이),서울,성북구,2017,,,아리랑어린이도서관,111468,2060811023
1077,공공(어린이),서울,종로구,1979,,,서울시교육청어린이도서관,111017,2050811001
1079,공공(어린이),서울,중구,2020,,,손기정어린이도서관,111498,2060811026
1080,공공(어린이),서울,송파구,2015,,,송파어린이영어작은도서관,111259,2060811019
1081,공공(어린이),서울,강남구,2017,,,강남못골한옥어린이도서관,111474,2060811021
1082,공공(어린이),서울,서초구,2005,2017,,서초어린이도서관,111074,2060811002
1083,공공(어린이),서울,동작구,2008,,,동작어린이도서관,111102,2060111043
1084,공공(어린이),서울,강서구,2008,,,강서꿈꾸는어린이도서관,111098,2060811005
1085,공공(어린이),서울,구로구,2011,,,글마루한옥어린이도서관,111235,2060811013
1086,공공(어린이),서울,구로구,2017,,,궁동어린이도서관,111471,2060811020
1087,공공(어린이),서울,구로구,2010,,,구로개봉어린이도서관,111214,2060811009
1088,공공(어린이),서울,중구,2011,,,남산타운문화체육센터 어린이도서관,111180,2060811012
1089,공공(어린이),서울,서대문구,2010,,,남가좌새롬어린이도서관,111179,2060811008
1090,공공(어린이),서울,마포구,2017,,,마포푸르메어린이도서관,111462,2060811024
1091,공공(어린이),서울,동대문구,2014,,,휘경어린이도서관,111446,2060811015
1092,공공(어린이),서울,중랑구,2012,,,중랑숲어린이도서관,111311,2060811014
1093,공공(어린이),서울,도봉구,2011,,,무수골도서관,111208,2060811010
1094,공공(어린이),서울,도봉구,2015,,,둘리어린이도서관,111454,2060811018
1095,공공(어린이),서울,성북구,2009,,,해오름도서관,141232,2060811007
1096,공공(어린이),서울,성북구,2011,,,종암동새날어린이도서관,111188,2060811011
1097,공공(어린이),서울,서초구,2006,2008,,서초어린이책마을,111079,2060811004
1098,공공(어린이),서울,송파구,2009,,,송파어린이도서관,111117,2060811006
1099,공공(어린이),서울,동작구,2014,,,대방어린이도서관,111443,2060811016
1100,공공(어린이),서울,강서구,2007,,,강서길꽃어린이도서관,111067,2060811003
1101,공공(어린이),부산,강서구,2018,,,부산강서기적의도서관,126156,2060821005
1102,공공(어린이),부산,동구,2019,,,동구어린이영어도서관,126158,2060821006
1103,공공(어린이),부산,영도구,2009,,,부산영도어린이영어도서관,126015,2060821002
1104,공공(어린이),부산,해운대구,2006,,,부산재송어린이도서관,126008,2060821001
1105,공공(어린이),부산,부산진구,2016,,,부산진구어린이청소년도서관,126147,2060821003
1106,공공(어린이),부산,기장군,2015,,,정관어린이도서관,126134,2060821004
1107,공공(어린이),대구,서구,2010,,,대구서구어린이도서관,127011,2060822002
1108,공공(어린이),대구,수성구,2010,,,수성 물망이도서관,127018,2060822004
1109,공공(어린이),대구,달서구,2006,,,달서어린이도서관,127002,2060822001
1110,공공(어린이),대구,수성구,2007,2017,,수성 고산어린이도서관,127020,2060822003
1111,공공(어린이),인천,부평구,2011,,,부개어린이도서관,128035,2060823010
1112,공공(어린이),인천,연수구,2018,,,인천 평생학습관,128010,2050823001
1113,공공(어린이),인천,연수구,2011,,,송도국제어린이도서관,128047,2060823011
1114,공공(어린이),인천,남구,2009,,,인천쑥골어린이도서관,128021,2060823008
1115,공공(어린이),인천,남구,2009,,,인천숭의어린이도서관,128022,2060823006
1116,공공(어린이),인천,남구,2019,,(어린이),이랑도서관,128062,2060823016
1117,공공(어린이),인천,남구,2009,,,인천관교어린이도서관,128019,2060823005
1118,공공(어린이),인천,남구,2012,,,인천장사래어린이도서관,128036,2060823012
1119,공공(어린이),인천,남구,2009,,,인천독정골어린이도서관,128018,2060823007
1120,공공(어린이),인천,부평구,2006,,,부평기적의도서관,128007,2060823001
1121,공공(어린이),인천,서구,2004,,(어린이),검단도서관,128001,2060823004
1122,공공(어린이),인천,서구,2008,,(어린이),석남도서관,128008,2060823003
1123,공공(어린이),인천,서구,2010,,(어린이),심곡도서관,128024,2060823009
1124,공공(어린이),인천,연수구,2006,,,연수어린이도서관,128005,2060823002
1125,공공(어린이),광주,남구,2014,2015,,남구푸른길도서관,129219,2060824003
1126,공공(어린이),광주,광산구,2008,,,운남어린이도서관,129005,2060824002
1127,공공(어린이),광주,서구,2008,,,서구어린이생태학습도서관,129004,2060124010
1128,공공(어린이),대전,서구,2008,,,대구서구어린이도서관,127011,2020125001
1129,공공(어린이),울산,북구,2012,,,명촌어린이도서관,131056,2060831002
1130,공공(어린이),울산,남구,2014,,,옥현어린이도서관,131074,2060831003
1131,공공(어린이),울산,북구,2004,,,울산북구기적의도서관,131002,2060831001
1132,공공(어린이),경기,고양시,2007,,,고양시화정어린이도서관,141125,2060841011
1133,공공(어린이),경기,의정부시,2007,,,의정부어린이도서관,141119,2060841013
1134,공공(어린이),경기,안양시,2007,,,안양어린이도서관,141132,2060841004
1135,공공(어린이),경기,시흥시,2006,,,시흥시대야어린이도서관,141316,2060841007
1136,공공(어린이),경기,시흥시,2009,,,시흥시정왕어린이도서관,141280,2060841017
1137,공공(어린이),경기,안산시,2007,,,안산단원어린이도서관,141133,2060841006
1138,공공(어린이),경기,군포시,2003,,,군포시 어린이도서관,141101,2060841008
1139,공공(어린이),경기,의왕시,2010,,,의왕시글로벌도서관,141237,2060841023
1140,공공(어린이),경기,수원시,2005,,,화홍어린이도서관,141108,2030841002
1141,공공(어린이),경기,이천시,2009,,,이천시립어린이도서관,141166,2060841016
1142,공공(어린이),경기,화성시,2010,,,화성시립둥지나래어린이도서관,141241,2060841021
1143,공공(어린이),경기,고양시 일산서구,2007,,,주엽어린이도서관,141124,2060841010
1144,공공(어린이),경기,고양시 덕양구,2007,,,행신어린이도서관,141126,2060841012
1145,공공(어린이),경기,부천시 원미구,2001,2017,,부천시립동화도서관,141315,2030841003
1146,공공(어린이),경기,광명시,2009,,,충현도서관,141155,2060841014
1148,공공(어린이),경기,안산시 상록구,2007,,,안산시립상록어린이도서관,141134,2060841005
1149,공공(어린이),경기,수원시 장안구,2005,,,슬기샘어린이도서관,141085,2060841001
1150,공공(어린이),경기,수원시 권선구,2005,,,지혜샘어린이도서관,141086,2060841002
1151,공공(어린이),경기,수원시 영통구,2005,,,바른샘어린이도서관,141087,2060841003
1152,공공(어린이),경기,수원시 영통구,2004,,,반달어린이도서관,141138,2030841001
1153,공공(어린이),경기,화성시,2009,,,화성시립두빛나래어린이도서관,141170,2060841015
1154,공공(어린이),경기,오산시,2007,,,오산시립 햇살마루 도서관,141127,2060841020
1155,공공(어린이),경기,용인시 수지구,    ,2008,,느티나무도서관,141083,2030841004
1156,공공(어린이),경기,평택시,2006,,,평택시립초록도서관,141103,2060841018
1157,공공(어린이),경기,성남시 중원구,2010,,,성남시중원어린이도서관,141258,2060841022
1158,공공(어린이),경기,성남시 분당구,2015,,,성남시판교어린이도서관,141548,2060841024
1159,공공(어린이),경기,양평군,1993,,,양평어린이도서관,141109,2060841009
1160,공공(어린이),강원,춘천시,2008,,,담작은도서관,142050,2030842001
1161,공공(어린이),강원,화천군,2016,,,화천어린이도서관,142111,2060842001
1162,공공(어린이),충북,제천시,2004,,,제천기적의도서관,143025,2060843002
1163,공공(어린이),충북,청주시,2009,,,청주신율봉어린이도서관,143029,2060843003
1164,공공(어린이),충북,청주시,2004,,,청주기적의도서관,143023,2060843001
1165,공공(어린이),충남,아산시,2006,,,아산시 어린이도서관,144045,2060844002
1166,공공(어린이),충남,서산시,2013,,,서산어린이도서관,144145,2060844003
1167,공공(어린이),충남,금산군,2005,,,금산기적의도서관,144041,2060844001
1168,공공(어린이),전북,남원시,2020,,,남원시어린이청소년도서관,145149,2060845003
1169,공공(어린이),전북,정읍시,2008,,,정읍기적의도서관,145047,2060845001
1170,공공(어린이),전북,군산시,2013,,,군산늘푸른도서관,145121,2060845002
1171,공공(어린이),전남,순천시,2003,,,순천기적의도서관,146118,2060846001
1172,공공(어린이),전남,광양시,2017,,,광양희망도서관,146177,2060846003
1173,공공(어린이),전남,목포시,2010,,,목포어린이도서관,146071,2060846002
1174,공공(어린이),경북,안동시,2016,,,안동강남어린이도서관,147163,2060847002
1175,공공(어린이),경북,청도군,2012,,,청도어린이도서관,147130,2060847001
1176,공공(어린이),경남,양산시,2017,,,상북어린이도서관,148304,2060848008
1177,공공(어린이),경남,김해시,2011,,,김해기적의도서관,148180,2060848006
1178,공공(어린이),경남,창원시,2004,,,진해기적의도서관,148049,2060848002
1179,공공(어린이),경남,사천시,2012,,,사천시어린이도서관,148169,2060848007
1180,공공(어린이),경남,진주시,2018,,,마하 어린이도서관,148259,2030848001
1181,공공(어린이),경남,진주시,2009,,,비봉어린이도서관,148068,2060848004
1182,공공(어린이),경남,진주시,2009,,,도동어린이도서관,148086,2060848003
1183,공공(어린이),경남,진주시,2006,,,진주시어린이전문도서관,148047,2060848001
1184,공공(어린이),제주,제주시,2018,,,제주꿈바당어린이도서관,149036,2060849003
1185,공공(어린이),제주,제주시,2004,,,제주기적의도서관,149019,2060849001
1186,공공(어린이),제주,서귀포시,2004,,,서귀포기적의도서관,149022,2060849002
